192.168.0.128,192.168.0.170,192.168.0.112,192.168.0.197,192.168.0.162
0.156,0.142,0.292,0.172,0.112
0.164,0.148,0.295,0.184,0.126
0.165,0.161,0.298,0.184,0.13
0.167,0.163,0.303,0.199,0.133
0.17,0.163,0.303,0.212,0.135
0.171,0.164,0.307,0.215,0.136
0.171,0.165,0.312,0.219,0.139
0.173,0.167,0.313,0.224,0.14
0.174,0.168,0.326,0.236,0.151
0.175,0.168,0.326,0.239,0.153
0.176,0.17,0.329,0.24,0.155
0.176,0.171,0.329,0.244,0.156
0.18,0.171,0.329,0.244,0.156
0.181,0.176,0.329,0.245,0.156
0.183,0.179,0.331,0.245,0.164
0.184,0.183,0.332,0.246,0.165
0.185,0.185,0.333,0.247,0.172
0.186,0.186,0.339,0.248,0.173
0.189,0.186,0.339,0.25,0.173
0.19,0.189,0.341,0.251,0.173
0.191,0.189,0.343,0.251,0.176
0.191,0.19,0.345,0.251,0.176
0.192,0.192,0.346,0.252,0.177
0.192,0.195,0.348,0.253,0.179
0.194,0.196,0.351,0.257,0.18
0.194,0.197,0.351,0.258,0.182
0.195,0.198,0.352,0.258,0.182
0.197,0.199,0.356,0.262,0.183
0.197,0.2,0.357,0.262,0.184
0.201,0.201,0.361,0.263,0.185
0.201,0.203,0.361,0.265,0.186
0.203,0.203,0.362,0.265,0.187
0.203,0.203,0.363,0.268,0.188
0.204,0.205,0.366,0.268,0.188
0.204,0.205,0.366,0.269,0.188
0.207,0.205,0.368,0.27,0.189
0.207,0.205,0.368,0.271,0.189
0.208,0.206,0.37,0.272,0.189
0.208,0.208,0.377,0.272,0.19
0.21,0.208,0.378,0.274,0.19
0.211,0.208,0.381,0.274,0.191
0.212,0.209,0.385,0.275,0.191
0.213,0.209,0.387,0.275,0.191
0.213,0.209,0.389,0.278,0.192
0.214,0.21,0.402,0.279,0.193
0.215,0.21,0.403,0.28,0.194
0.216,0.21,0.407,0.28,0.195
0.216,0.21,0.412,0.28,0.196
0.217,0.211,0.417,0.281,0.196
0.217,0.211,0.434,0.281,0.196
0.217,0.212,0.448,0.282,0.196
0.218,0.212,0.452,0.282,0.197
0.218,0.212,0.452,0.283,0.197
0.219,0.213,0.453,0.283,0.197
0.22,0.214,0.457,0.283,0.199
0.221,0.215,0.472,0.285,0.199
0.221,0.216,0.473,0.288,0.199
0.221,0.217,0.49,0.288,0.199
0.222,0.217,0.493,0.29,0.2
0.223,0.218,0.508,0.29,0.2
0.223,0.219,0.51,0.292,0.201
0.223,0.219,0.516,0.293,0.201
0.224,0.22,0.577,0.293,0.201
0.224,0.221,0.599,0.294,0.201
0.226,0.221,0.607,0.294,0.201
0.227,0.221,0.65,0.295,0.201
0.227,0.222,0.73,0.295,0.202
0.227,0.223,0.792,0.296,0.203
0.228,0.224,0.818,0.296,0.203
0.228,0.224,0.82,0.296,0.203
0.229,0.225,0.862,0.296,0.203
0.229,0.225,0.871,0.298,0.203
0.229,0.225,0.879,0.298,0.203
0.229,0.225,0.879,0.3,0.203
0.23,0.225,0.885,0.3,0.203
0.23,0.226,0.889,0.301,0.204
0.23,0.226,0.89,0.304,0.204
0.23,0.226,0.891,0.305,0.204
0.231,0.227,0.894,0.306,0.204
0.231,0.228,0.894,0.307,0.204
0.231,0.228,0.896,0.307,0.204
0.231,0.228,0.898,0.308,0.204
0.231,0.228,0.899,0.308,0.205
0.232,0.229,0.901,0.309,0.205
0.232,0.229,0.901,0.309,0.205
0.232,0.229,0.902,0.311,0.205
0.232,0.229,0.902,0.315,0.205
0.232,0.23,0.903,0.317,0.205
0.233,0.231,0.906,0.321,0.205
0.233,0.231,0.909,0.322,0.205
0.234,0.232,0.912,0.325,0.205
0.234,0.232,0.914,0.328,0.206
0.235,0.233,0.915,0.33,0.206
0.235,0.234,0.915,0.333,0.206
0.235,0.234,0.919,0.337,0.206
0.236,0.235,0.92,0.34,0.206
0.236,0.236,0.921,0.34,0.206
0.236,0.236,0.922,0.341,0.206
0.236,0.237,0.922,0.346,0.207
0.236,0.237,0.923,0.346,0.207
0.237,0.238,0.923,0.347,0.207
0.237,0.238,0.923,0.35,0.207
0.237,0.239,0.924,0.35,0.207
0.237,0.239,0.926,0.352,0.207
0.238,0.239,0.927,0.352,0.207
0.238,0.239,0.928,0.353,0.207
0.239,0.24,0.928,0.354,0.207
0.239,0.24,0.929,0.354,0.207
0.239,0.241,0.929,0.354,0.207
0.239,0.243,0.93,0.355,0.207
0.239,0.243,0.93,0.355,0.208
0.239,0.244,0.931,0.355,0.208
0.24,0.244,0.931,0.356,0.208
0.241,0.244,0.934,0.357,0.208
0.242,0.245,0.934,0.357,0.208
0.242,0.245,0.934,0.358,0.208
0.242,0.245,0.935,0.36,0.209
0.242,0.245,0.935,0.36,0.209
0.242,0.246,0.936,0.36,0.209
0.242,0.247,0.936,0.362,0.209
0.242,0.248,0.936,0.364,0.209
0.242,0.248,0.936,0.365,0.209
0.242,0.249,0.937,0.365,0.209
0.242,0.25,0.937,0.366,0.209
0.243,0.25,0.937,0.366,0.209
0.243,0.25,0.937,0.367,0.21
0.243,0.25,0.937,0.368,0.21
0.243,0.25,0.937,0.37,0.21
0.243,0.25,0.937,0.371,0.21
0.244,0.251,0.937,0.371,0.21
0.244,0.251,0.937,0.371,0.21
0.244,0.251,0.938,0.371,0.21
0.244,0.252,0.938,0.372,0.21
0.245,0.252,0.939,0.373,0.21
0.245,0.252,0.939,0.374,0.211
0.245,0.252,0.94,0.377,0.211
0.245,0.253,0.94,0.377,0.211
0.246,0.255,0.94,0.377,0.211
0.246,0.255,0.94,0.378,0.212
0.246,0.256,0.941,0.379,0.212
0.246,0.256,0.941,0.379,0.212
0.247,0.257,0.941,0.379,0.212
0.247,0.257,0.941,0.382,0.212
0.248,0.257,0.941,0.383,0.212
0.248,0.257,0.941,0.384,0.212
0.248,0.257,0.941,0.384,0.213
0.248,0.257,0.941,0.385,0.213
0.248,0.257,0.942,0.386,0.213
0.248,0.257,0.943,0.386,0.214
0.249,0.258,0.943,0.388,0.214
0.249,0.258,0.943,0.388,0.214
0.249,0.258,0.944,0.39,0.214
0.249,0.259,0.944,0.39,0.214
0.249,0.259,0.944,0.391,0.214
0.249,0.259,0.944,0.391,0.214
0.25,0.259,0.945,0.391,0.215
0.25,0.26,0.945,0.391,0.215
0.25,0.26,0.946,0.392,0.215
0.251,0.26,0.946,0.392,0.215
0.251,0.261,0.946,0.392,0.215
0.251,0.261,0.946,0.392,0.215
0.251,0.262,0.947,0.392,0.216
0.251,0.262,0.947,0.393,0.216
0.252,0.262,0.948,0.393,0.216
0.252,0.263,0.948,0.394,0.216
0.253,0.263,0.948,0.394,0.216
0.253,0.263,0.948,0.394,0.216
0.254,0.263,0.948,0.395,0.216
0.254,0.264,0.948,0.395,0.216
0.254,0.264,0.948,0.396,0.216
0.254,0.265,0.949,0.397,0.216
0.254,0.265,0.949,0.398,0.217
0.254,0.265,0.949,0.399,0.217
0.255,0.265,0.949,0.399,0.217
0.255,0.265,0.949,0.399,0.217
0.255,0.266,0.949,0.4,0.217
0.255,0.266,0.95,0.4,0.217
0.255,0.267,0.95,0.4,0.217
0.255,0.268,0.95,0.401,0.217
0.255,0.268,0.95,0.401,0.218
0.256,0.268,0.95,0.401,0.218
0.256,0.269,0.95,0.401,0.218
0.256,0.269,0.95,0.402,0.218
0.256,0.27,0.951,0.402,0.218
0.256,0.27,0.951,0.403,0.218
0.256,0.27,0.951,0.406,0.218
0.256,0.27,0.951,0.407,0.218
0.256,0.27,0.952,0.408,0.218
0.257,0.27,0.952,0.409,0.218
0.257,0.271,0.952,0.409,0.219
0.257,0.271,0.952,0.41,0.219
0.257,0.271,0.953,0.411,0.219
0.257,0.271,0.953,0.412,0.219
0.257,0.271,0.953,0.413,0.22
0.257,0.271,0.954,0.414,0.22
0.258,0.272,0.954,0.416,0.22
0.258,0.272,0.954,0.416,0.22
0.258,0.272,0.955,0.416,0.22
0.258,0.272,0.955,0.417,0.22
0.258,0.272,0.955,0.419,0.22
0.258,0.272,0.955,0.419,0.22
0.258,0.272,0.955,0.42,0.22
0.258,0.273,0.955,0.42,0.221
0.258,0.274,0.956,0.421,0.221
0.258,0.274,0.956,0.423,0.221
0.259,0.274,0.956,0.424,0.221
0.259,0.275,0.956,0.424,0.221
0.259,0.275,0.957,0.425,0.221
0.259,0.276,0.957,0.425,0.221
0.259,0.277,0.958,0.425,0.222
0.259,0.277,0.958,0.426,0.222
0.259,0.277,0.958,0.426,0.222
0.259,0.278,0.958,0.426,0.222
0.259,0.278,0.958,0.427,0.222
0.26,0.278,0.958,0.427,0.222
0.26,0.278,0.958,0.427,0.222
0.26,0.279,0.959,0.428,0.222
0.26,0.279,0.959,0.428,0.222
0.26,0.279,0.96,0.428,0.222
0.26,0.28,0.96,0.428,0.223
0.261,0.28,0.96,0.429,0.223
0.261,0.28,0.96,0.429,0.223
0.261,0.281,0.961,0.429,0.223
0.261,0.281,0.961,0.429,0.223
0.262,0.282,0.961,0.429,0.223
0.262,0.282,0.962,0.429,0.223
0.262,0.283,0.962,0.43,0.223
0.263,0.283,0.962,0.43,0.224
0.263,0.284,0.962,0.43,0.224
0.263,0.285,0.962,0.431,0.224
0.263,0.285,0.962,0.431,0.224
0.263,0.286,0.963,0.431,0.224
0.263,0.287,0.963,0.432,0.224
0.263,0.288,0.964,0.432,0.224
0.264,0.289,0.964,0.432,0.224
0.264,0.29,0.964,0.433,0.225
0.264,0.291,0.965,0.433,0.225
0.264,0.292,0.965,0.433,0.225
0.264,0.292,0.965,0.433,0.225
0.264,0.292,0.965,0.433,0.225
0.265,0.292,0.965,0.434,0.225
0.265,0.292,0.965,0.434,0.225
0.266,0.293,0.965,0.434,0.225
0.266,0.294,0.965,0.434,0.226
0.266,0.294,0.965,0.434,0.226
0.266,0.298,0.966,0.435,0.226
0.267,0.3,0.966,0.435,0.226
0.267,0.3,0.966,0.435,0.226
0.267,0.301,0.966,0.435,0.226
0.267,0.301,0.967,0.435,0.226
0.267,0.301,0.967,0.436,0.226
0.267,0.302,0.968,0.436,0.226
0.268,0.302,0.968,0.436,0.226
0.268,0.304,0.968,0.436,0.226
0.268,0.309,0.968,0.437,0.226
0.269,0.312,0.968,0.437,0.226
0.269,0.315,0.968,0.437,0.226
0.269,0.317,0.968,0.437,0.226
0.269,0.319,0.969,0.438,0.226
0.269,0.32,0.969,0.438,0.226
0.269,0.322,0.97,0.438,0.226
0.269,0.323,0.97,0.438,0.226
0.269,0.326,0.97,0.438,0.226
0.27,0.331,0.97,0.438,0.227
0.27,0.331,0.97,0.439,0.227
0.27,0.332,0.97,0.439,0.227
0.27,0.332,0.97,0.439,0.227
0.271,0.335,0.97,0.439,0.227
0.271,0.339,0.97,0.44,0.227
0.271,0.339,0.97,0.44,0.227
0.272,0.342,0.971,0.44,0.227
0.272,0.342,0.971,0.44,0.227
0.272,0.343,0.971,0.44,0.227
0.272,0.343,0.972,0.44,0.228
0.272,0.344,0.972,0.44,0.228
0.272,0.346,0.972,0.44,0.228
0.272,0.349,0.973,0.441,0.228
0.272,0.35,0.973,0.441,0.228
0.272,0.35,0.973,0.441,0.228
0.272,0.351,0.973,0.441,0.228
0.273,0.351,0.973,0.441,0.228
0.273,0.351,0.973,0.441,0.228
0.273,0.351,0.973,0.441,0.228
0.273,0.351,0.974,0.441,0.228
0.273,0.352,0.974,0.442,0.228
0.274,0.352,0.974,0.442,0.228
0.274,0.352,0.974,0.442,0.228
0.274,0.353,0.974,0.442,0.228
0.274,0.353,0.975,0.442,0.229
0.274,0.353,0.975,0.442,0.229
0.274,0.353,0.975,0.443,0.229
0.275,0.354,0.975,0.443,0.229
0.275,0.354,0.975,0.443,0.229
0.275,0.355,0.975,0.443,0.229
0.276,0.355,0.975,0.443,0.229
0.276,0.356,0.976,0.443,0.229
0.276,0.356,0.976,0.443,0.23
0.276,0.356,0.976,0.444,0.23
0.276,0.356,0.976,0.444,0.23
0.276,0.357,0.976,0.444,0.23
0.276,0.358,0.976,0.444,0.23
0.276,0.359,0.976,0.444,0.23
0.277,0.359,0.976,0.444,0.23
0.277,0.359,0.976,0.445,0.23
0.277,0.359,0.977,0.445,0.23
0.277,0.36,0.977,0.445,0.23
0.277,0.36,0.977,0.445,0.23
0.278,0.36,0.977,0.445,0.23
0.278,0.36,0.978,0.445,0.231
0.278,0.361,0.978,0.445,0.231
0.279,0.362,0.978,0.446,0.231
0.279,0.362,0.978,0.446,0.231
0.28,0.363,0.978,0.446,0.231
0.28,0.363,0.978,0.446,0.231
0.28,0.363,0.979,0.446,0.231
0.28,0.364,0.979,0.446,0.231
0.28,0.364,0.979,0.446,0.231
0.281,0.364,0.979,0.446,0.232
0.281,0.365,0.98,0.447,0.232
0.281,0.366,0.98,0.447,0.232
0.281,0.366,0.98,0.447,0.232
0.281,0.367,0.98,0.447,0.232
0.281,0.367,0.98,0.447,0.233
0.281,0.368,0.98,0.447,0.233
0.282,0.369,0.98,0.447,0.233
0.282,0.369,0.98,0.447,0.233
0.282,0.37,0.98,0.448,0.233
0.282,0.371,0.98,0.448,0.233
0.282,0.371,0.98,0.448,0.233
0.283,0.373,0.98,0.448,0.234
0.283,0.374,0.98,0.448,0.234
0.283,0.374,0.981,0.448,0.234
0.283,0.375,0.981,0.448,0.234
0.283,0.375,0.981,0.448,0.235
0.284,0.375,0.981,0.448,0.235
0.285,0.376,0.982,0.448,0.235
0.285,0.376,0.982,0.449,0.235
0.286,0.377,0.982,0.449,0.235
0.286,0.377,0.982,0.449,0.235
0.286,0.378,0.982,0.449,0.235
0.286,0.378,0.982,0.449,0.235
0.286,0.38,0.983,0.449,0.235
0.286,0.38,0.983,0.449,0.235
0.287,0.381,0.983,0.449,0.235
0.287,0.381,0.983,0.449,0.236
0.287,0.381,0.983,0.449,0.236
0.287,0.381,0.983,0.449,0.236
0.288,0.382,0.983,0.449,0.236
0.288,0.382,0.983,0.45,0.236
0.288,0.382,0.983,0.45,0.236
0.288,0.383,0.984,0.45,0.236
0.288,0.383,0.984,0.45,0.236
0.289,0.383,0.984,0.45,0.237
0.289,0.384,0.984,0.45,0.237
0.289,0.384,0.984,0.45,0.237
0.289,0.384,0.984,0.45,0.237
0.289,0.384,0.985,0.45,0.237
0.289,0.384,0.985,0.45,0.237
0.29,0.384,0.985,0.45,0.237
0.29,0.384,0.985,0.45,0.238
0.29,0.385,0.985,0.451,0.238
0.29,0.385,0.985,0.451,0.238
0.29,0.385,0.985,0.451,0.238
0.29,0.386,0.985,0.451,0.238
0.291,0.386,0.985,0.451,0.238
0.292,0.386,0.985,0.451,0.238
0.293,0.387,0.986,0.451,0.238
0.293,0.387,0.986,0.451,0.239
0.293,0.388,0.986,0.451,0.239
0.293,0.388,0.986,0.451,0.239
0.294,0.389,0.986,0.451,0.239
0.294,0.389,0.986,0.451,0.239
0.294,0.389,0.987,0.452,0.239
0.294,0.39,0.987,0.452,0.239
0.294,0.39,0.987,0.452,0.239
0.294,0.39,0.987,0.452,0.239
0.295,0.39,0.987,0.452,0.239
0.295,0.391,0.987,0.452,0.239
0.295,0.391,0.987,0.452,0.239
0.295,0.391,0.988,0.452,0.24
0.295,0.392,0.988,0.452,0.24
0.295,0.393,0.988,0.452,0.24
0.295,0.394,0.988,0.452,0.24
0.296,0.394,0.988,0.452,0.24
0.296,0.394,0.988,0.452,0.24
0.296,0.395,0.988,0.453,0.24
0.296,0.395,0.988,0.453,0.24
0.296,0.395,0.988,0.453,0.24
0.297,0.395,0.988,0.453,0.241
0.299,0.395,0.988,0.453,0.241
0.299,0.395,0.989,0.453,0.241
0.3,0.396,0.989,0.453,0.241
0.3,0.396,0.989,0.453,0.241
0.3,0.397,0.989,0.453,0.241
0.3,0.397,0.989,0.453,0.241
0.3,0.398,0.989,0.453,0.241
0.301,0.398,0.989,0.453,0.241
0.302,0.399,0.989,0.453,0.241
0.302,0.399,0.989,0.453,0.241
0.302,0.399,0.99,0.453,0.241
0.303,0.401,0.99,0.453,0.241
0.303,0.402,0.99,0.453,0.242
0.303,0.402,0.99,0.453,0.242
0.303,0.403,0.991,0.453,0.242
0.304,0.404,0.991,0.453,0.242
0.304,0.404,0.991,0.454,0.242
0.304,0.404,0.991,0.454,0.242
0.304,0.404,0.991,0.454,0.242
0.304,0.405,0.991,0.454,0.242
0.304,0.405,0.991,0.454,0.242
0.304,0.405,0.992,0.454,0.242
0.305,0.406,0.992,0.454,0.242
0.305,0.406,0.992,0.454,0.243
0.305,0.408,0.992,0.454,0.243
0.306,0.409,0.992,0.454,0.243
0.307,0.41,0.992,0.454,0.243
0.307,0.411,0.992,0.455,0.243
0.307,0.411,0.992,0.455,0.243
0.307,0.411,0.992,0.455,0.243
0.307,0.411,0.992,0.455,0.243
0.307,0.412,0.992,0.455,0.243
0.307,0.412,0.992,0.455,0.243
0.307,0.413,0.993,0.455,0.243
0.307,0.413,0.993,0.455,0.243
0.308,0.414,0.993,0.455,0.243
0.308,0.414,0.993,0.455,0.243
0.308,0.415,0.993,0.456,0.244
0.309,0.415,0.993,0.456,0.244
0.309,0.415,0.993,0.456,0.244
0.309,0.415,0.993,0.456,0.244
0.309,0.416,0.993,0.456,0.244
0.309,0.417,0.993,0.456,0.244
0.309,0.417,0.993,0.456,0.244
0.309,0.417,0.993,0.456,0.244
0.311,0.418,0.993,0.456,0.244
0.311,0.418,0.993,0.456,0.244
0.311,0.418,0.994,0.457,0.244
0.311,0.419,0.994,0.457,0.244
0.311,0.419,0.994,0.457,0.244
0.312,0.419,0.994,0.457,0.244
0.312,0.42,0.994,0.457,0.245
0.312,0.421,0.994,0.457,0.245
0.312,0.421,0.994,0.457,0.245
0.312,0.421,0.994,0.457,0.245
0.313,0.421,0.994,0.457,0.245
0.313,0.421,0.994,0.457,0.245
0.313,0.421,0.994,0.457,0.245
0.314,0.422,0.994,0.457,0.246
0.314,0.422,0.994,0.457,0.246
0.315,0.422,0.994,0.457,0.246
0.315,0.422,0.994,0.457,0.246
0.315,0.422,0.995,0.457,0.246
0.315,0.423,0.995,0.457,0.246
0.315,0.423,0.995,0.458,0.247
0.316,0.423,0.995,0.458,0.247
0.316,0.423,0.995,0.458,0.247
0.316,0.424,0.995,0.458,0.247
0.316,0.424,0.995,0.458,0.247
0.316,0.424,0.995,0.458,0.248
0.317,0.424,0.995,0.458,0.248
0.317,0.425,0.995,0.458,0.248
0.317,0.425,0.995,0.458,0.248
0.318,0.425,0.995,0.458,0.248
0.318,0.425,0.995,0.458,0.248
0.318,0.425,0.995,0.458,0.248
0.318,0.426,0.995,0.458,0.249
0.318,0.426,0.995,0.458,0.249
0.319,0.426,0.996,0.458,0.249
0.319,0.428,0.996,0.458,0.249
0.319,0.428,0.996,0.459,0.249
0.319,0.428,0.996,0.459,0.249
0.319,0.428,0.996,0.459,0.249
0.319,0.429,0.996,0.459,0.249
0.32,0.429,0.996,0.459,0.249
0.32,0.429,0.996,0.459,0.249
0.321,0.431,0.996,0.459,0.249
0.321,0.431,0.996,0.459,0.249
0.321,0.431,0.996,0.459,0.249
0.322,0.431,0.996,0.459,0.25
0.322,0.431,0.996,0.459,0.25
0.322,0.431,0.996,0.459,0.25
0.323,0.432,0.996,0.46,0.25
0.323,0.432,0.996,0.46,0.25
0.323,0.432,0.996,0.46,0.25
0.323,0.433,0.997,0.46,0.25
0.324,0.433,0.997,0.46,0.25
0.324,0.434,0.997,0.46,0.25
0.324,0.434,0.997,0.46,0.25
0.324,0.434,0.997,0.46,0.25
0.324,0.434,0.997,0.46,0.25
0.324,0.434,0.997,0.46,0.25
0.324,0.434,0.997,0.46,0.251
0.324,0.435,0.997,0.461,0.251
0.325,0.435,0.997,0.461,0.251
0.325,0.436,0.997,0.461,0.251
0.325,0.436,0.997,0.461,0.251
0.325,0.436,0.997,0.461,0.251
0.326,0.437,0.997,0.461,0.251
0.326,0.437,0.997,0.461,0.251
0.327,0.437,0.998,0.461,0.252
0.327,0.437,0.998,0.461,0.252
0.327,0.437,0.998,0.461,0.252
0.327,0.438,0.998,0.461,0.252
0.327,0.438,0.998,0.461,0.252
0.327,0.438,0.998,0.461,0.252
0.328,0.438,0.999,0.461,0.252
0.328,0.438,0.999,0.461,0.253
0.328,0.438,0.999,0.461,0.253
0.328,0.438,0.999,0.461,0.253
0.329,0.438,0.999,0.462,0.253
0.329,0.438,0.999,0.462,0.253
0.329,0.439,0.999,0.462,0.253
0.329,0.439,0.999,0.462,0.253
0.33,0.439,0.999,0.462,0.253
0.33,0.439,0.999,0.462,0.253
0.33,0.44,0.999,0.462,0.253
0.33,0.44,0.999,0.462,0.253
0.331,0.44,0.999,0.462,0.253
0.331,0.44,0.999,0.463,0.254
0.331,0.44,0.999,0.463,0.254
0.331,0.44,1.0,0.463,0.254
0.332,0.441,1.0,0.463,0.254
0.332,0.441,1.0,0.463,0.254
0.332,0.441,1.0,0.463,0.254
0.332,0.441,1.0,0.463,0.254
0.332,0.441,1.0,0.463,0.254
0.332,0.441,1.0,0.463,0.254
0.333,0.441,1.0,0.464,0.254
0.333,0.442,1.0,0.464,0.254
0.333,0.442,1.0,0.464,0.254
0.333,0.442,1.0,0.464,0.254
0.333,0.442,1.0,0.464,0.254
0.333,0.443,1.0,0.464,0.254
0.334,0.443,1.0,0.464,0.254
0.334,0.443,1.0,0.465,0.255
0.334,0.443,1.0,0.465,0.255
0.334,0.444,1.0,0.465,0.255
0.334,0.444,1.0,0.465,0.255
0.335,0.444,1.0,0.465,0.255
0.335,0.444,1.0,0.465,0.255
0.335,0.444,1.0,0.465,0.255
0.336,0.444,1.0,0.465,0.255
0.336,0.444,1.0,0.466,0.255
0.336,0.445,1.0,0.466,0.255
0.336,0.445,1.0,0.466,0.256
0.336,0.445,1.0,0.466,0.256
0.336,0.445,1.0,0.466,0.256
0.337,0.445,1.0,0.467,0.256
0.337,0.445,1.0,0.467,0.256
0.337,0.445,1.0,0.467,0.256
0.338,0.445,1.0,0.467,0.256
0.338,0.446,1.0,0.467,0.256
0.338,0.446,1.0,0.467,0.256
0.338,0.446,1.0,0.467,0.256
0.338,0.446,1.0,0.467,0.256
0.339,0.446,1.0,0.468,0.256
0.339,0.446,1.0,0.468,0.256
0.339,0.446,1.0,0.468,0.257
0.339,0.446,1.0,0.468,0.257
0.339,0.446,1.0,0.468,0.257
0.339,0.446,1.0,0.468,0.257
0.34,0.447,1.0,0.468,0.257
0.34,0.447,1.0,0.468,0.258
0.34,0.447,1.0,0.468,0.258
0.34,0.447,1.0,0.469,0.258
0.34,0.447,1.0,0.469,0.258
0.34,0.447,1.0,0.469,0.258
0.341,0.447,1.0,0.47,0.258
0.341,0.447,1.0,0.47,0.258
0.341,0.448,1.0,0.47,0.258
0.341,0.448,1.0,0.47,0.258
0.341,0.448,1.0,0.471,0.258
0.341,0.448,1.0,0.471,0.259
0.342,0.448,1.0,0.471,0.259
0.342,0.448,1.0,0.471,0.259
0.342,0.448,1.0,0.472,0.259
0.342,0.448,1.0,0.472,0.259
0.342,0.448,1.0,0.472,0.259
0.342,0.448,1.0,0.472,0.259
0.342,0.448,1.01,0.473,0.259
0.343,0.449,1.01,0.473,0.259
0.343,0.449,1.01,0.473,0.259
0.343,0.449,1.01,0.473,0.259
0.343,0.449,1.01,0.473,0.26
0.343,0.449,1.01,0.473,0.26
0.343,0.449,1.01,0.474,0.26
0.343,0.449,1.01,0.474,0.26
0.344,0.449,1.01,0.474,0.26
0.344,0.449,1.01,0.474,0.26
0.344,0.449,1.01,0.474,0.26
0.344,0.449,1.01,0.474,0.26
0.344,0.45,1.01,0.475,0.26
0.344,0.45,1.01,0.475,0.26
0.344,0.45,1.01,0.475,0.26
0.344,0.45,1.01,0.475,0.26
0.345,0.45,1.01,0.476,0.26
0.345,0.45,1.01,0.477,0.261
0.346,0.45,1.01,0.477,0.261
0.346,0.45,1.01,0.477,0.261
0.346,0.45,1.01,0.479,0.261
0.346,0.45,1.01,0.479,0.261
0.346,0.451,1.01,0.479,0.261
0.346,0.451,1.01,0.479,0.261
0.347,0.451,1.01,0.479,0.261
0.347,0.451,1.01,0.48,0.261
0.348,0.451,1.01,0.48,0.261
0.348,0.451,1.01,0.481,0.262
0.348,0.451,1.01,0.481,0.262
0.348,0.452,1.01,0.483,0.262
0.348,0.452,1.01,0.483,0.262
0.348,0.452,1.01,0.484,0.262
0.349,0.452,1.01,0.486,0.262
0.349,0.452,1.01,0.486,0.262
0.349,0.452,1.01,0.487,0.262
0.35,0.452,1.01,0.498,0.262
0.35,0.452,1.01,0.507,0.262
0.35,0.452,1.01,0.512,0.262
0.35,0.452,1.01,0.518,0.262
0.35,0.452,1.01,0.519,0.262
0.35,0.453,1.01,0.52,0.262
0.35,0.453,1.01,0.522,0.262
0.351,0.453,1.01,0.522,0.262
0.351,0.453,1.01,0.523,0.263
0.351,0.453,1.01,0.523,0.263
0.351,0.453,1.01,0.523,0.263
0.352,0.453,1.01,0.524,0.263
0.352,0.454,1.01,0.525,0.263
0.352,0.454,1.01,0.525,0.263
0.352,0.454,1.01,0.525,0.263
0.352,0.454,1.01,0.526,0.263
0.352,0.454,1.01,0.527,0.263
0.352,0.454,1.01,0.527,0.263
0.352,0.454,1.01,0.527,0.263
0.353,0.454,1.01,0.528,0.263
0.353,0.454,1.01,0.528,0.263
0.353,0.454,1.01,0.528,0.264
0.353,0.454,1.01,0.528,0.264
0.353,0.454,1.01,0.528,0.264
0.354,0.454,1.01,0.528,0.264
0.354,0.455,1.01,0.529,0.264
0.354,0.455,1.02,0.529,0.264
0.354,0.455,1.02,0.529,0.264
0.354,0.455,1.02,0.529,0.264
0.354,0.455,1.02,0.53,0.264
0.354,0.455,1.02,0.53,0.264
0.354,0.455,1.02,0.53,0.264
0.355,0.455,1.02,0.53,0.264
0.355,0.456,1.02,0.53,0.264
0.355,0.456,1.02,0.53,0.264
0.355,0.456,1.02,0.53,0.265
0.355,0.456,1.02,0.53,0.265
0.355,0.456,1.02,0.531,0.265
0.355,0.456,1.02,0.531,0.265
0.356,0.456,1.02,0.531,0.265
0.356,0.456,1.02,0.531,0.265
0.357,0.456,1.02,0.531,0.265
0.357,0.456,1.02,0.531,0.265
0.357,0.457,1.02,0.531,0.265
0.357,0.457,1.02,0.532,0.265
0.357,0.457,1.02,0.532,0.265
0.357,0.457,1.02,0.532,0.266
0.358,0.457,1.02,0.532,0.266
0.358,0.457,1.02,0.532,0.266
0.358,0.458,1.02,0.532,0.266
0.359,0.458,1.02,0.532,0.266
0.359,0.458,1.02,0.532,0.266
0.359,0.458,1.03,0.532,0.266
0.359,0.459,1.03,0.532,0.266
0.359,0.459,1.03,0.532,0.266
0.359,0.459,1.03,0.532,0.266
0.36,0.459,1.03,0.532,0.266
0.36,0.459,1.03,0.532,0.267
0.36,0.46,1.04,0.532,0.267
0.36,0.46,1.04,0.532,0.267
0.361,0.46,1.04,0.533,0.267
0.362,0.46,1.04,0.533,0.267
0.362,0.46,1.04,0.533,0.267
0.362,0.46,1.05,0.533,0.267
0.362,0.46,1.05,0.533,0.267
0.362,0.46,1.05,0.533,0.267
0.362,0.46,1.05,0.533,0.267
0.362,0.46,1.05,0.533,0.267
0.363,0.461,1.05,0.533,0.267
0.363,0.461,1.05,0.533,0.267
0.363,0.461,1.06,0.534,0.268
0.363,0.461,1.06,0.534,0.268
0.363,0.461,1.06,0.534,0.268
0.363,0.461,1.06,0.534,0.268
0.364,0.461,1.06,0.534,0.268
0.364,0.461,1.06,0.534,0.269
0.364,0.462,1.07,0.534,0.269
0.364,0.462,1.07,0.534,0.269
0.364,0.462,1.07,0.534,0.269
0.364,0.462,1.07,0.535,0.269
0.365,0.462,1.07,0.535,0.269
0.365,0.463,1.07,0.535,0.269
0.365,0.463,1.07,0.535,0.269
0.365,0.463,1.07,0.535,0.269
0.365,0.463,1.07,0.535,0.269
0.365,0.463,1.07,0.535,0.269
0.365,0.463,1.07,0.535,0.27
0.365,0.463,1.07,0.536,0.27
0.366,0.464,1.07,0.536,0.27
0.366,0.464,1.07,0.536,0.27
0.366,0.464,1.07,0.536,0.27
0.366,0.464,1.08,0.536,0.27
0.366,0.465,1.08,0.536,0.27
0.366,0.465,1.08,0.536,0.27
0.366,0.466,1.08,0.536,0.27
0.367,0.466,1.08,0.536,0.271
0.367,0.466,1.08,0.536,0.271
0.367,0.466,1.08,0.536,0.271
0.368,0.467,1.08,0.536,0.271
0.368,0.467,1.08,0.537,0.271
0.368,0.467,1.08,0.537,0.271
0.368,0.467,1.08,0.537,0.271
0.368,0.468,1.08,0.537,0.271
0.368,0.468,1.08,0.537,0.271
0.369,0.468,1.09,0.537,0.272
0.369,0.468,1.09,0.537,0.272
0.369,0.468,1.09,0.537,0.272
0.369,0.468,1.09,0.537,0.273
0.369,0.468,1.09,0.537,0.273
0.37,0.469,1.09,0.537,0.273
0.37,0.469,1.09,0.537,0.273
0.37,0.469,1.09,0.537,0.273
0.37,0.469,1.09,0.537,0.273
0.37,0.469,1.09,0.537,0.273
0.37,0.471,1.09,0.537,0.273
0.37,0.476,1.09,0.537,0.273
0.371,0.476,1.09,0.537,0.273
0.372,0.476,1.09,0.537,0.273
0.372,0.476,1.09,0.537,0.273
0.372,0.477,1.09,0.538,0.273
0.373,0.478,1.09,0.538,0.274
0.373,0.479,1.09,0.538,0.274
0.373,0.48,1.09,0.538,0.274
0.374,0.481,1.09,0.538,0.274
0.374,0.481,1.09,0.538,0.274
0.374,0.481,1.09,0.538,0.274
0.374,0.481,1.09,0.538,0.274
0.374,0.483,1.09,0.538,0.274
0.374,0.484,1.09,0.538,0.274
0.374,0.486,1.09,0.538,0.275
0.374,0.487,1.09,0.538,0.275
0.374,0.489,1.09,0.538,0.275
0.375,0.49,1.09,0.538,0.275
0.375,0.494,1.09,0.539,0.275
0.375,0.495,1.09,0.539,0.275
0.375,0.496,1.09,0.539,0.276
0.375,0.497,1.09,0.539,0.276
0.375,0.497,1.09,0.539,0.279
0.375,0.498,1.09,0.539,0.279
0.375,0.501,1.09,0.539,0.279
0.376,0.501,1.09,0.539,0.279
0.376,0.502,1.09,0.539,0.28
0.376,0.504,1.1,0.539,0.282
0.376,0.506,1.1,0.539,0.282
0.376,0.512,1.1,0.539,0.283
0.376,0.512,1.1,0.539,0.285
0.377,0.514,1.1,0.539,0.285
0.377,0.514,1.1,0.54,0.286
0.377,0.517,1.1,0.54,0.288
0.377,0.517,1.1,0.54,0.29
0.378,0.518,1.1,0.54,0.291
0.378,0.519,1.1,0.54,0.291
0.379,0.519,1.1,0.54,0.291
0.38,0.52,1.1,0.54,0.3
0.38,0.521,1.1,0.54,0.308
0.38,0.521,1.1,0.54,0.319
0.38,0.521,1.1,0.54,0.321
0.38,0.521,1.1,0.54,0.322
0.38,0.522,1.1,0.54,0.326
0.38,0.523,1.1,0.54,0.326
0.381,0.523,1.1,0.54,0.329
0.381,0.523,1.1,0.541,0.329
0.381,0.523,1.1,0.541,0.33
0.381,0.523,1.1,0.541,0.331
0.381,0.524,1.1,0.541,0.332
0.382,0.525,1.1,0.541,0.332
0.382,0.525,1.1,0.541,0.333
0.383,0.526,1.1,0.541,0.334
0.383,0.526,1.1,0.541,0.334
0.383,0.526,1.1,0.541,0.334
0.383,0.526,1.1,0.541,0.335
0.383,0.526,1.1,0.541,0.335
0.384,0.527,1.1,0.541,0.335
0.384,0.527,1.11,0.541,0.335
0.384,0.527,1.11,0.541,0.337
0.384,0.527,1.11,0.541,0.338
0.385,0.527,1.11,0.541,0.338
0.386,0.527,1.11,0.541,0.339
0.386,0.527,1.11,0.541,0.339
0.386,0.527,1.11,0.541,0.34
0.386,0.528,1.11,0.541,0.341
0.387,0.528,1.11,0.541,0.341
0.387,0.528,1.11,0.541,0.342
0.387,0.528,1.11,0.541,0.343
0.387,0.528,1.11,0.541,0.343
0.387,0.529,1.11,0.542,0.344
0.387,0.529,1.11,0.542,0.345
0.388,0.529,1.11,0.542,0.345
0.388,0.529,1.11,0.542,0.345
0.388,0.529,1.11,0.542,0.345
0.388,0.529,1.11,0.542,0.346
0.388,0.529,1.11,0.542,0.346
0.389,0.529,1.11,0.542,0.347
0.389,0.529,1.11,0.542,0.347
0.389,0.53,1.11,0.542,0.347
0.39,0.53,1.11,0.542,0.347
0.39,0.53,1.11,0.542,0.348
0.39,0.53,1.11,0.542,0.348
0.39,0.53,1.11,0.542,0.349
0.391,0.53,1.11,0.542,0.349
0.391,0.531,1.11,0.542,0.349
0.391,0.531,1.11,0.542,0.349
0.391,0.531,1.11,0.542,0.349
0.392,0.531,1.11,0.542,0.349
0.392,0.531,1.11,0.542,0.35
0.393,0.531,1.11,0.543,0.35
0.394,0.531,1.11,0.543,0.35
0.394,0.532,1.11,0.543,0.35
0.394,0.532,1.11,0.543,0.35
0.394,0.532,1.11,0.543,0.35
0.395,0.532,1.11,0.543,0.351
0.395,0.532,1.11,0.543,0.351
0.395,0.532,1.11,0.543,0.352
0.395,0.532,1.11,0.543,0.352
0.395,0.533,1.11,0.543,0.352
0.396,0.533,1.12,0.543,0.352
0.396,0.533,1.12,0.543,0.352
0.397,0.533,1.12,0.543,0.352
0.397,0.533,1.12,0.543,0.352
0.397,0.533,1.12,0.543,0.352
0.397,0.533,1.12,0.544,0.353
0.397,0.533,1.12,0.544,0.353
0.397,0.533,1.12,0.544,0.353
0.397,0.533,1.12,0.544,0.353
0.398,0.533,1.12,0.544,0.353
0.398,0.533,1.12,0.544,0.354
0.398,0.534,1.12,0.544,0.354
0.399,0.534,1.12,0.544,0.354
0.399,0.534,1.12,0.544,0.354
0.399,0.534,1.12,0.544,0.354
0.4,0.534,1.12,0.544,0.355
0.4,0.534,1.12,0.544,0.355
0.4,0.534,1.12,0.544,0.355
0.401,0.534,1.12,0.544,0.355
0.401,0.534,1.12,0.544,0.355
0.401,0.534,1.12,0.545,0.356
0.401,0.535,1.12,0.545,0.356
0.401,0.535,1.12,0.545,0.356
0.402,0.535,1.12,0.545,0.356
0.403,0.535,1.12,0.545,0.356
0.403,0.535,1.12,0.545,0.357
0.404,0.535,1.12,0.545,0.357
0.404,0.535,1.12,0.545,0.357
0.404,0.535,1.12,0.545,0.357
0.405,0.536,1.12,0.545,0.358
0.405,0.536,1.12,0.545,0.358
0.405,0.536,1.12,0.545,0.358
0.405,0.536,1.12,0.545,0.358
0.407,0.536,1.12,0.545,0.358
0.407,0.536,1.12,0.545,0.358
0.408,0.536,1.12,0.545,0.358
0.408,0.536,1.12,0.545,0.358
0.408,0.536,1.12,0.545,0.359
0.409,0.536,1.12,0.545,0.359
0.409,0.536,1.12,0.545,0.359
0.409,0.536,1.12,0.546,0.359
0.409,0.537,1.12,0.546,0.359
0.409,0.537,1.12,0.546,0.36
0.409,0.537,1.12,0.546,0.36
0.41,0.537,1.12,0.546,0.36
0.41,0.537,1.12,0.546,0.36
0.41,0.537,1.12,0.546,0.36
0.411,0.537,1.12,0.546,0.361
0.411,0.537,1.12,0.546,0.361
0.412,0.537,1.12,0.546,0.361
0.412,0.537,1.12,0.546,0.361
0.412,0.538,1.12,0.546,0.361
0.413,0.538,1.12,0.546,0.362
0.413,0.538,1.12,0.546,0.362
0.413,0.538,1.12,0.546,0.362
0.413,0.538,1.12,0.546,0.362
0.414,0.538,1.12,0.546,0.363
0.414,0.538,1.12,0.546,0.363
0.414,0.538,1.12,0.547,0.363
0.414,0.538,1.12,0.547,0.363
0.414,0.538,1.12,0.547,0.364
0.414,0.538,1.12,0.547,0.365
0.416,0.538,1.12,0.547,0.365
0.416,0.538,1.12,0.547,0.365
0.416,0.538,1.12,0.547,0.365
0.416,0.539,1.12,0.547,0.366
0.417,0.539,1.12,0.547,0.366
0.417,0.539,1.12,0.547,0.367
0.417,0.539,1.12,0.547,0.369
0.417,0.539,1.12,0.547,0.369
0.418,0.539,1.12,0.547,0.369
0.419,0.539,1.12,0.547,0.37
0.419,0.54,1.12,0.547,0.37
0.419,0.54,1.13,0.547,0.37
0.419,0.54,1.13,0.548,0.37
0.419,0.54,1.13,0.548,0.372
0.419,0.54,1.13,0.548,0.373
0.421,0.54,1.13,0.548,0.374
0.422,0.541,1.13,0.548,0.374
0.423,0.541,1.13,0.548,0.376
0.423,0.541,1.13,0.548,0.38
0.424,0.541,1.13,0.548,0.383
0.424,0.541,1.13,0.548,0.386
0.425,0.542,1.13,0.548,0.395
0.425,0.542,1.13,0.548,0.397
0.427,0.542,1.13,0.549,0.398
0.427,0.542,1.13,0.549,0.399
0.429,0.542,1.13,0.549,0.4
0.429,0.542,1.13,0.549,0.402
0.43,0.543,1.13,0.549,0.403
0.43,0.543,1.13,0.549,0.405
0.43,0.543,1.13,0.549,0.406
0.431,0.543,1.13,0.55,0.409
0.431,0.544,1.13,0.55,0.41
0.432,0.544,1.13,0.55,0.41
0.433,0.544,1.13,0.55,0.41
0.433,0.544,1.13,0.55,0.411
0.433,0.544,1.13,0.55,0.415
0.433,0.544,1.13,0.55,0.416
0.434,0.544,1.13,0.55,0.416
0.434,0.544,1.13,0.55,0.416
0.434,0.544,1.13,0.55,0.418
0.436,0.545,1.13,0.55,0.419
0.436,0.545,1.13,0.55,0.419
0.438,0.545,1.13,0.55,0.42
0.439,0.545,1.13,0.55,0.423
0.439,0.545,1.13,0.55,0.424
0.44,0.545,1.13,0.551,0.424
0.44,0.545,1.13,0.551,0.425
0.44,0.545,1.13,0.551,0.426
0.441,0.545,1.13,0.551,0.426
0.442,0.546,1.13,0.551,0.427
0.442,0.546,1.13,0.551,0.427
0.443,0.546,1.13,0.552,0.428
0.443,0.546,1.13,0.552,0.428
0.443,0.546,1.13,0.552,0.429
0.443,0.546,1.13,0.552,0.429
0.445,0.546,1.13,0.553,0.43
0.446,0.547,1.13,0.553,0.431
0.446,0.547,1.13,0.553,0.431
0.446,0.547,1.13,0.553,0.433
0.446,0.547,1.13,0.554,0.433
0.446,0.547,1.13,0.554,0.435
0.446,0.547,1.13,0.554,0.436
0.447,0.547,1.13,0.554,0.439
0.447,0.547,1.13,0.554,0.44
0.447,0.548,1.13,0.555,0.44
0.447,0.548,1.13,0.555,0.442
0.448,0.548,1.13,0.555,0.444
0.448,0.548,1.13,0.555,0.446
0.449,0.548,1.13,0.555,0.447
0.449,0.548,1.13,0.555,0.447
0.449,0.549,1.13,0.556,0.452
0.449,0.549,1.13,0.556,0.454
0.449,0.549,1.13,0.556,0.454
0.449,0.55,1.13,0.556,0.459
0.451,0.551,1.13,0.557,0.459
0.451,0.551,1.13,0.557,0.46
0.452,0.551,1.13,0.557,0.461
0.452,0.552,1.13,0.557,0.461
0.452,0.552,1.14,0.557,0.465
0.453,0.552,1.14,0.558,0.467
0.453,0.552,1.14,0.558,0.47
0.453,0.552,1.14,0.558,0.472
0.454,0.552,1.14,0.558,0.474
0.455,0.552,1.14,0.558,0.475
0.456,0.553,1.14,0.558,0.485
0.456,0.553,1.14,0.559,0.496
0.456,0.553,1.14,0.559,0.499
0.456,0.553,1.14,0.559,0.5
0.459,0.554,1.14,0.559,0.501
0.459,0.554,1.14,0.56,0.502
0.46,0.554,1.14,0.56,0.503
0.46,0.554,1.14,0.56,0.505
0.46,0.554,1.14,0.56,0.507
0.46,0.555,1.14,0.56,0.508
0.461,0.555,1.14,0.561,0.508
0.461,0.555,1.14,0.561,0.51
0.461,0.556,1.14,0.562,0.512
0.463,0.557,1.14,0.562,0.514
0.463,0.557,1.14,0.562,0.515
0.465,0.557,1.14,0.563,0.524
0.465,0.558,1.14,0.564,0.525
0.467,0.559,1.14,0.564,0.527
0.467,0.559,1.14,0.565,0.527
0.468,0.56,1.14,0.565,0.528
0.469,0.561,1.14,0.567,0.533
0.472,0.561,1.14,0.569,0.534
0.476,0.564,1.14,0.57,0.534
0.478,0.565,1.14,0.573,0.545
0.486,0.57,1.15,1.94,1.96
