192.168.0.159,192.168.0.163,192.168.0.157,192.168.0.164,192.168.0.160
2.09,0.118,0.204,0.175,1.57
2.35,0.12,0.224,0.191,1.57
2.35,0.121,0.224,0.192,1.58
2.35,0.125,0.225,0.2,1.64
2.36,0.125,0.226,0.204,1.64
2.37,0.125,0.227,0.204,1.65
2.39,0.126,0.238,0.206,1.65
2.4,0.126,0.25,0.207,1.66
2.43,0.129,0.255,0.209,1.66
2.45,0.13,0.261,0.214,1.66
2.46,0.131,0.262,0.216,1.67
2.47,0.131,0.265,0.217,1.67
2.48,0.131,0.266,0.219,1.69
2.48,0.132,0.272,0.221,1.71
2.48,0.132,0.283,0.221,1.71
2.48,0.133,0.293,0.222,1.72
2.49,0.133,0.293,0.223,1.73
2.49,0.134,0.294,0.224,1.73
2.49,0.135,0.296,0.224,1.73
2.49,0.135,0.306,0.225,1.73
2.5,0.135,0.312,0.225,1.74
2.5,0.135,0.313,0.227,1.74
2.5,0.135,0.324,0.228,1.74
2.5,0.136,0.328,0.228,1.75
2.51,0.136,0.334,0.229,1.75
2.51,0.136,0.338,0.23,1.75
2.52,0.137,0.341,0.233,1.76
2.52,0.137,0.342,0.236,1.76
2.52,0.138,0.342,0.236,1.76
2.52,0.138,0.353,0.238,1.77
2.52,0.138,0.353,0.239,1.77
2.53,0.138,0.356,0.239,1.78
2.53,0.139,0.358,0.241,1.78
2.53,0.139,0.359,0.243,1.79
2.54,0.14,0.36,0.245,1.79
2.54,0.14,0.367,0.246,1.79
2.54,0.141,0.367,0.247,1.8
2.54,0.142,0.369,0.247,1.8
2.54,0.144,0.371,0.247,1.8
2.54,0.145,0.373,0.247,1.81
2.55,0.146,0.377,0.247,1.81
2.55,0.146,0.378,0.248,1.81
2.55,0.148,0.378,0.249,1.81
2.56,0.15,0.379,0.251,1.81
2.56,0.151,0.38,0.251,1.82
2.57,0.151,0.383,0.252,1.82
2.58,0.152,0.384,0.252,1.82
2.58,0.154,0.386,0.252,1.83
2.58,0.154,0.386,0.253,1.83
2.58,0.154,0.386,0.253,1.83
2.58,0.155,0.388,0.254,1.84
2.59,0.155,0.389,0.254,1.84
2.59,0.157,0.392,0.255,1.84
2.59,0.158,0.392,0.255,1.85
2.59,0.16,0.394,0.255,1.85
2.6,0.164,0.396,0.255,1.85
2.6,0.165,0.396,0.256,1.85
2.61,0.166,0.396,0.256,1.85
2.61,0.167,0.396,0.256,1.85
2.61,0.172,0.398,0.256,1.85
2.61,0.172,0.398,0.256,1.85
2.62,0.173,0.398,0.256,1.85
2.62,0.173,0.398,0.256,1.86
2.63,0.174,0.398,0.257,1.86
2.63,0.176,0.399,0.257,1.86
2.63,0.176,0.399,0.257,1.87
2.63,0.177,0.399,0.257,1.87
2.64,0.178,0.4,0.257,1.87
2.64,0.179,0.4,0.258,1.88
2.64,0.179,0.4,0.258,1.88
2.64,0.18,0.4,0.258,1.88
2.64,0.18,0.401,0.258,1.88
2.64,0.181,0.401,0.258,1.88
2.65,0.181,0.402,0.258,1.88
2.65,0.181,0.403,0.259,1.89
2.65,0.181,0.403,0.259,1.89
2.65,0.181,0.403,0.259,1.89
2.65,0.182,0.403,0.259,1.89
2.65,0.182,0.403,0.259,1.9
2.65,0.182,0.404,0.259,1.9
2.66,0.183,0.404,0.259,1.9
2.66,0.183,0.404,0.259,1.9
2.66,0.184,0.404,0.26,1.91
2.66,0.184,0.404,0.26,1.91
2.67,0.184,0.405,0.26,1.91
2.67,0.185,0.406,0.26,1.91
2.67,0.185,0.406,0.26,1.92
2.67,0.186,0.406,0.26,1.92
2.67,0.187,0.406,0.26,1.92
2.67,0.189,0.406,0.26,1.92
2.67,0.19,0.406,0.26,1.92
2.67,0.19,0.407,0.26,1.92
2.68,0.19,0.407,0.26,1.93
2.68,0.191,0.407,0.26,1.93
2.68,0.191,0.407,0.26,1.93
2.68,0.191,0.407,0.26,1.94
2.68,0.192,0.408,0.26,1.94
2.68,0.192,0.408,0.26,1.94
2.69,0.192,0.408,0.26,1.94
2.69,0.192,0.409,0.261,1.94
2.69,0.194,0.409,0.261,1.94
2.69,0.194,0.41,0.261,1.94
2.69,0.195,0.41,0.261,1.94
2.69,0.195,0.41,0.261,1.94
2.69,0.195,0.41,0.261,1.94
2.69,0.195,0.411,0.261,1.94
2.69,0.195,0.411,0.262,1.94
2.69,0.195,0.411,0.262,1.95
2.69,0.196,0.411,0.262,1.95
2.7,0.196,0.412,0.262,1.95
2.7,0.196,0.412,0.262,1.95
2.7,0.197,0.412,0.262,1.96
2.7,0.197,0.412,0.262,1.96
2.7,0.197,0.412,0.262,1.96
2.7,0.197,0.412,0.262,1.96
2.7,0.197,0.412,0.263,1.96
2.7,0.197,0.412,0.263,1.96
2.7,0.197,0.412,0.263,1.97
2.71,0.197,0.413,0.263,1.97
2.71,0.197,0.414,0.263,1.98
2.71,0.197,0.414,0.263,1.98
2.71,0.198,0.414,0.263,1.98
2.71,0.198,0.416,0.263,1.99
2.71,0.199,0.417,0.264,1.99
2.71,0.199,0.417,0.264,1.99
2.71,0.199,0.418,0.264,2.0
2.71,0.199,0.419,0.264,2.01
2.71,0.199,0.419,0.264,2.01
2.71,0.199,0.42,0.264,2.02
2.71,0.199,0.42,0.264,2.02
2.71,0.2,0.421,0.264,2.03
2.72,0.2,0.422,0.264,2.03
2.72,0.2,0.423,0.264,2.04
2.72,0.2,0.424,0.264,2.04
2.72,0.2,0.424,0.265,2.04
2.72,0.201,0.426,0.265,2.04
2.72,0.201,0.428,0.265,2.05
2.73,0.201,0.429,0.265,2.05
2.73,0.201,0.429,0.265,2.05
2.73,0.201,0.429,0.265,2.05
2.73,0.201,0.429,0.265,2.06
2.73,0.201,0.431,0.265,2.07
2.73,0.201,0.431,0.266,2.07
2.73,0.201,0.431,0.266,2.07
2.73,0.201,0.431,0.266,2.07
2.73,0.202,0.432,0.266,2.07
2.73,0.202,0.432,0.266,2.08
2.73,0.202,0.433,0.266,2.09
2.73,0.202,0.435,0.266,2.09
2.73,0.202,0.435,0.266,2.12
2.74,0.202,0.435,0.266,2.12
2.74,0.203,0.436,0.266,2.13
2.74,0.203,0.437,0.266,2.13
2.74,0.204,0.437,0.266,2.13
2.74,0.204,0.437,0.266,2.13
2.74,0.204,0.438,0.266,2.14
2.74,0.204,0.439,0.267,2.14
2.74,0.204,0.439,0.267,2.14
2.74,0.204,0.439,0.267,2.15
2.74,0.204,0.439,0.267,2.15
2.74,0.204,0.44,0.267,2.15
2.74,0.204,0.44,0.267,2.16
2.74,0.204,0.44,0.267,2.16
2.74,0.204,0.44,0.267,2.17
2.74,0.204,0.441,0.267,2.17
2.74,0.204,0.441,0.267,2.17
2.75,0.204,0.441,0.267,2.19
2.75,0.204,0.441,0.267,2.19
2.75,0.205,0.442,0.267,2.19
2.75,0.205,0.442,0.267,2.19
2.75,0.205,0.442,0.267,2.2
2.75,0.205,0.442,0.267,2.21
2.75,0.205,0.442,0.267,2.22
2.75,0.205,0.443,0.267,2.22
2.75,0.205,0.443,0.267,2.23
2.75,0.205,0.443,0.268,2.23
2.75,0.205,0.443,0.268,2.24
2.75,0.206,0.443,0.268,2.24
2.75,0.206,0.443,0.268,2.24
2.76,0.206,0.443,0.268,2.24
2.76,0.206,0.444,0.268,2.25
2.76,0.206,0.444,0.268,2.25
2.76,0.206,0.444,0.268,2.26
2.76,0.206,0.444,0.268,2.26
2.76,0.206,0.444,0.268,2.28
2.76,0.206,0.445,0.268,2.28
2.76,0.206,0.445,0.269,2.29
2.76,0.206,0.445,0.269,2.3
2.76,0.206,0.445,0.269,2.3
2.76,0.206,0.445,0.269,2.32
2.76,0.206,0.445,0.269,2.33
2.76,0.206,0.446,0.269,2.33
2.76,0.207,0.446,0.269,2.34
2.76,0.207,0.446,0.269,2.35
2.76,0.207,0.446,0.269,2.36
2.76,0.207,0.447,0.269,2.36
2.76,0.207,0.447,0.269,2.36
2.76,0.207,0.447,0.27,2.39
2.76,0.207,0.447,0.27,2.4
2.76,0.207,0.447,0.27,2.44
2.77,0.208,0.447,0.27,2.51
2.77,0.208,0.447,0.27,2.52
2.77,0.208,0.448,0.27,2.52
2.77,0.208,0.45,0.27,2.52
2.77,0.208,0.45,0.27,2.54
2.77,0.208,0.45,0.27,2.54
2.77,0.208,0.451,0.27,2.54
2.77,0.208,0.451,0.27,2.55
2.77,0.209,0.452,0.27,2.55
2.77,0.209,0.452,0.27,2.55
2.77,0.209,0.452,0.27,2.56
2.77,0.209,0.453,0.27,2.56
2.77,0.209,0.453,0.271,2.56
2.77,0.209,0.453,0.271,2.57
2.77,0.209,0.453,0.271,2.57
2.77,0.209,0.453,0.271,2.57
2.78,0.209,0.453,0.271,2.57
2.78,0.21,0.453,0.271,2.57
2.78,0.21,0.455,0.271,2.58
2.78,0.21,0.455,0.271,2.58
2.78,0.21,0.455,0.271,2.58
2.78,0.21,0.455,0.271,2.59
2.78,0.21,0.455,0.271,2.59
2.78,0.21,0.455,0.271,2.6
2.78,0.21,0.455,0.271,2.6
2.78,0.21,0.456,0.271,2.61
2.78,0.21,0.456,0.271,2.65
2.78,0.21,0.456,0.272,2.65
2.78,0.21,0.456,0.272,2.65
2.78,0.211,0.456,0.272,2.67
2.78,0.211,0.458,0.272,2.67
2.78,0.211,0.458,0.272,2.68
2.78,0.211,0.458,0.272,2.69
2.78,0.211,0.458,0.272,2.69
2.78,0.211,0.458,0.272,2.69
2.78,0.212,0.458,0.272,2.7
2.78,0.212,0.459,0.272,2.7
2.78,0.212,0.459,0.272,2.7
2.78,0.212,0.459,0.272,2.7
2.78,0.212,0.46,0.272,2.7
2.79,0.212,0.46,0.272,2.7
2.79,0.212,0.46,0.273,2.7
2.79,0.212,0.461,0.273,2.72
2.79,0.212,0.461,0.273,2.73
2.79,0.212,0.462,0.273,2.73
2.79,0.212,0.462,0.273,2.74
2.79,0.212,0.463,0.273,2.75
2.79,0.212,0.464,0.273,2.76
2.79,0.212,0.464,0.273,2.76
2.79,0.212,0.464,0.273,2.76
2.79,0.212,0.464,0.273,2.76
2.79,0.212,0.464,0.273,2.77
2.8,0.212,0.464,0.273,2.77
2.8,0.212,0.465,0.273,2.77
2.8,0.212,0.466,0.274,2.77
2.8,0.213,0.466,0.274,2.78
2.8,0.213,0.467,0.274,2.78
2.8,0.213,0.467,0.274,2.78
2.8,0.213,0.468,0.274,2.78
2.8,0.213,0.468,0.274,2.79
2.8,0.213,0.468,0.274,2.8
2.8,0.213,0.468,0.274,2.8
2.8,0.213,0.468,0.274,2.81
2.8,0.213,0.469,0.274,2.81
2.8,0.213,0.469,0.274,2.81
2.8,0.213,0.469,0.274,2.82
2.8,0.213,0.469,0.274,2.82
2.8,0.213,0.469,0.274,2.82
2.8,0.213,0.47,0.274,2.82
2.8,0.213,0.47,0.275,2.82
2.8,0.213,0.47,0.275,2.82
2.8,0.213,0.47,0.275,2.82
2.8,0.214,0.471,0.275,2.82
2.8,0.214,0.471,0.275,2.82
2.81,0.214,0.472,0.275,2.82
2.81,0.214,0.472,0.275,2.82
2.81,0.214,0.472,0.275,2.82
2.81,0.214,0.473,0.275,2.82
2.81,0.214,0.473,0.275,2.82
2.81,0.214,0.473,0.275,2.83
2.81,0.214,0.473,0.275,2.83
2.81,0.214,0.473,0.275,2.83
2.81,0.214,0.474,0.276,2.83
2.81,0.214,0.474,0.276,2.83
2.81,0.215,0.474,0.276,2.83
2.81,0.215,0.474,0.276,2.83
2.81,0.215,0.474,0.276,2.83
2.81,0.215,0.475,0.276,2.83
2.81,0.215,0.475,0.276,2.83
2.81,0.215,0.475,0.276,2.83
2.82,0.215,0.475,0.276,2.83
2.82,0.215,0.475,0.276,2.83
2.82,0.215,0.476,0.276,2.83
2.82,0.215,0.476,0.276,2.83
2.82,0.215,0.476,0.276,2.84
2.82,0.215,0.476,0.276,2.84
2.82,0.215,0.476,0.276,2.84
2.82,0.215,0.476,0.276,2.84
2.82,0.215,0.477,0.276,2.84
2.82,0.215,0.477,0.276,2.85
2.82,0.215,0.478,0.276,2.85
2.82,0.215,0.478,0.276,2.85
2.82,0.216,0.478,0.276,2.85
2.82,0.216,0.478,0.276,2.85
2.82,0.216,0.479,0.277,2.85
2.82,0.216,0.48,0.277,2.85
2.82,0.216,0.48,0.277,2.85
2.82,0.216,0.48,0.277,2.86
2.82,0.216,0.481,0.277,2.86
2.82,0.216,0.481,0.277,2.86
2.82,0.216,0.482,0.277,2.86
2.82,0.216,0.482,0.277,2.86
2.82,0.216,0.482,0.277,2.86
2.82,0.216,0.482,0.277,2.86
2.82,0.216,0.483,0.277,2.86
2.82,0.216,0.483,0.277,2.86
2.82,0.216,0.483,0.277,2.86
2.82,0.216,0.484,0.277,2.86
2.82,0.216,0.484,0.277,2.86
2.83,0.216,0.484,0.278,2.86
2.83,0.217,0.485,0.278,2.86
2.83,0.217,0.485,0.278,2.86
2.83,0.217,0.486,0.278,2.86
2.83,0.217,0.486,0.278,2.86
2.83,0.217,0.487,0.278,2.86
2.83,0.217,0.487,0.278,2.86
2.83,0.217,0.487,0.278,2.86
2.83,0.217,0.489,0.278,2.86
2.83,0.217,0.489,0.278,2.86
2.83,0.217,0.49,0.278,2.86
2.83,0.217,0.491,0.278,2.87
2.83,0.217,0.492,0.278,2.87
2.83,0.217,0.494,0.278,2.87
2.83,0.217,0.495,0.278,2.87
2.83,0.217,0.495,0.279,2.87
2.83,0.217,0.496,0.279,2.87
2.83,0.217,0.496,0.279,2.87
2.83,0.217,0.496,0.279,2.87
2.83,0.218,0.496,0.279,2.87
2.83,0.218,0.496,0.279,2.87
2.83,0.218,0.497,0.279,2.88
2.83,0.218,0.498,0.279,2.88
2.83,0.218,0.498,0.279,2.88
2.83,0.218,0.499,0.279,2.88
2.84,0.218,0.499,0.279,2.88
2.84,0.218,0.499,0.279,2.89
2.84,0.218,0.5,0.279,2.89
2.84,0.218,0.501,0.279,2.89
2.84,0.218,0.504,0.279,2.89
2.84,0.218,0.504,0.28,2.89
2.84,0.218,0.505,0.28,2.9
2.84,0.218,0.505,0.28,2.9
2.84,0.219,0.505,0.28,2.9
2.84,0.219,0.505,0.28,2.9
2.84,0.219,0.506,0.28,2.9
2.84,0.219,0.507,0.28,2.9
2.84,0.219,0.508,0.28,2.9
2.84,0.219,0.509,0.28,2.9
2.84,0.219,0.509,0.28,2.91
2.84,0.219,0.509,0.28,2.91
2.84,0.219,0.51,0.28,2.91
2.84,0.219,0.51,0.28,2.91
2.84,0.219,0.51,0.28,2.91
2.84,0.219,0.51,0.28,2.91
2.84,0.219,0.511,0.28,2.91
2.84,0.219,0.511,0.28,2.92
2.84,0.22,0.511,0.28,2.92
2.85,0.22,0.512,0.281,2.92
2.85,0.22,0.512,0.281,2.92
2.85,0.22,0.514,0.281,2.92
2.85,0.22,0.515,0.281,2.93
2.85,0.22,0.515,0.281,2.94
2.85,0.22,0.517,0.281,2.94
2.85,0.22,0.518,0.281,2.94
2.85,0.22,0.519,0.281,2.94
2.85,0.22,0.519,0.281,2.94
2.85,0.22,0.52,0.281,2.94
2.85,0.22,0.522,0.281,2.94
2.85,0.22,0.524,0.281,2.94
2.85,0.22,0.525,0.281,2.95
2.85,0.221,0.525,0.282,2.95
2.85,0.221,0.525,0.282,2.95
2.85,0.221,0.527,0.282,2.95
2.85,0.221,0.527,0.282,2.97
2.85,0.221,0.528,0.282,2.97
2.85,0.221,0.528,0.282,2.97
2.86,0.221,0.528,0.282,2.98
2.86,0.221,0.53,0.282,2.98
2.86,0.221,0.53,0.282,2.99
2.86,0.221,0.532,0.282,2.99
2.86,0.221,0.533,0.282,2.99
2.86,0.221,0.534,0.283,2.99
2.86,0.221,0.534,0.283,3.0
2.86,0.221,0.536,0.283,3.0
2.86,0.221,0.538,0.283,3.0
2.86,0.221,0.538,0.283,3.0
2.86,0.221,0.539,0.283,3.01
2.86,0.221,0.539,0.283,3.01
2.86,0.221,0.54,0.283,3.01
2.86,0.221,0.54,0.283,3.01
2.86,0.221,0.54,0.283,3.02
2.86,0.222,0.54,0.283,3.02
2.86,0.222,0.541,0.283,3.02
2.86,0.222,0.542,0.283,3.02
2.86,0.222,0.542,0.283,3.03
2.86,0.222,0.542,0.283,3.04
2.86,0.222,0.542,0.284,3.04
2.86,0.222,0.543,0.284,3.04
2.86,0.222,0.543,0.284,3.04
2.86,0.222,0.543,0.284,3.04
2.87,0.222,0.544,0.284,3.04
2.87,0.222,0.544,0.284,3.05
2.87,0.222,0.544,0.284,3.05
2.87,0.222,0.544,0.284,3.05
2.87,0.222,0.544,0.284,3.05
2.87,0.222,0.545,0.284,3.06
2.87,0.222,0.545,0.284,3.06
2.87,0.222,0.545,0.284,3.06
2.87,0.222,0.546,0.284,3.06
2.87,0.222,0.546,0.284,3.07
2.87,0.222,0.546,0.284,3.07
2.87,0.222,0.546,0.284,3.07
2.87,0.222,0.546,0.284,3.07
2.87,0.222,0.546,0.284,3.08
2.87,0.222,0.547,0.285,3.08
2.87,0.222,0.547,0.285,3.09
2.87,0.222,0.547,0.285,3.09
2.87,0.222,0.548,0.285,3.09
2.87,0.222,0.549,0.285,3.09
2.87,0.222,0.549,0.285,3.1
2.87,0.223,0.549,0.285,3.1
2.87,0.223,0.549,0.285,3.1
2.87,0.223,0.549,0.285,3.11
2.88,0.223,0.55,0.285,3.11
2.88,0.223,0.55,0.285,3.12
2.88,0.223,0.55,0.285,3.12
2.88,0.223,0.55,0.285,3.13
2.88,0.223,0.551,0.285,3.14
2.88,0.223,0.551,0.285,3.14
2.88,0.223,0.551,0.285,3.14
2.88,0.223,0.551,0.285,3.14
2.88,0.223,0.551,0.285,3.15
2.88,0.223,0.551,0.285,3.15
2.88,0.223,0.552,0.285,3.16
2.88,0.223,0.552,0.285,3.16
2.88,0.223,0.552,0.286,3.16
2.88,0.223,0.552,0.286,3.17
2.88,0.223,0.552,0.286,3.17
2.88,0.223,0.552,0.286,3.17
2.88,0.223,0.552,0.286,3.17
2.88,0.223,0.552,0.286,3.17
2.88,0.223,0.552,0.286,3.18
2.88,0.224,0.552,0.286,3.18
2.88,0.224,0.552,0.286,3.18
2.89,0.224,0.552,0.286,3.18
2.89,0.224,0.552,0.286,3.18
2.89,0.224,0.552,0.286,3.18
2.89,0.224,0.552,0.286,3.19
2.89,0.224,0.552,0.286,3.19
2.89,0.224,0.553,0.286,3.19
2.89,0.224,0.553,0.286,3.2
2.89,0.224,0.553,0.287,3.2
2.89,0.224,0.553,0.287,3.2
2.89,0.224,0.553,0.287,3.2
2.89,0.224,0.553,0.287,3.2
2.89,0.224,0.553,0.287,3.2
2.9,0.224,0.553,0.287,3.2
2.9,0.224,0.553,0.287,3.2
2.9,0.224,0.553,0.287,3.21
2.9,0.224,0.554,0.287,3.21
2.9,0.224,0.554,0.287,3.21
2.9,0.224,0.554,0.287,3.21
2.9,0.224,0.554,0.287,3.21
2.9,0.224,0.554,0.287,3.21
2.9,0.224,0.554,0.287,3.21
2.9,0.224,0.554,0.287,3.22
2.9,0.224,0.554,0.287,3.22
2.9,0.224,0.554,0.287,3.22
2.91,0.224,0.554,0.287,3.22
2.91,0.224,0.554,0.287,3.22
2.91,0.225,0.554,0.288,3.22
2.91,0.225,0.554,0.288,3.22
2.91,0.225,0.554,0.288,3.22
2.91,0.225,0.554,0.288,3.22
2.91,0.225,0.554,0.288,3.22
2.91,0.225,0.554,0.288,3.23
2.91,0.225,0.555,0.288,3.23
2.91,0.225,0.555,0.288,3.23
2.91,0.225,0.555,0.288,3.23
2.91,0.225,0.555,0.288,3.23
2.91,0.225,0.555,0.288,3.23
2.91,0.225,0.555,0.288,3.23
2.91,0.225,0.555,0.288,3.24
2.91,0.225,0.555,0.288,3.24
2.91,0.225,0.555,0.288,3.24
2.92,0.225,0.555,0.288,3.25
2.92,0.225,0.555,0.288,3.25
2.92,0.225,0.555,0.288,3.25
2.92,0.225,0.555,0.288,3.25
2.92,0.225,0.555,0.288,3.25
2.92,0.225,0.555,0.289,3.26
2.92,0.225,0.555,0.289,3.26
2.92,0.225,0.555,0.289,3.26
2.92,0.225,0.555,0.289,3.27
2.92,0.225,0.556,0.289,3.27
2.92,0.226,0.556,0.289,3.27
2.92,0.226,0.556,0.289,3.27
2.92,0.226,0.556,0.289,3.27
2.92,0.226,0.556,0.289,3.27
2.92,0.226,0.556,0.289,3.27
2.92,0.226,0.556,0.289,3.27
2.92,0.226,0.556,0.29,3.27
2.92,0.226,0.556,0.29,3.27
2.92,0.226,0.556,0.29,3.27
2.92,0.226,0.556,0.29,3.27
2.92,0.226,0.556,0.29,3.28
2.92,0.226,0.556,0.29,3.28
2.93,0.226,0.556,0.29,3.28
2.93,0.226,0.556,0.29,3.28
2.93,0.226,0.556,0.29,3.28
2.93,0.226,0.556,0.29,3.28
2.93,0.226,0.556,0.29,3.28
2.93,0.226,0.556,0.291,3.28
2.93,0.226,0.556,0.291,3.29
2.93,0.226,0.556,0.291,3.29
2.93,0.226,0.556,0.291,3.29
2.93,0.226,0.556,0.291,3.29
2.93,0.226,0.556,0.291,3.29
2.93,0.226,0.556,0.291,3.29
2.93,0.226,0.556,0.291,3.29
2.93,0.226,0.556,0.291,3.29
2.93,0.226,0.557,0.291,3.3
2.93,0.226,0.557,0.291,3.31
2.94,0.226,0.557,0.291,3.31
2.94,0.226,0.557,0.291,3.31
2.94,0.226,0.557,0.291,3.31
2.94,0.226,0.557,0.292,3.31
2.94,0.226,0.557,0.292,3.31
2.94,0.226,0.557,0.292,3.31
2.94,0.227,0.557,0.292,3.31
2.94,0.227,0.557,0.292,3.32
2.94,0.227,0.557,0.292,3.32
2.94,0.227,0.557,0.292,3.32
2.94,0.227,0.557,0.292,3.32
2.94,0.227,0.557,0.292,3.32
2.94,0.227,0.557,0.292,3.33
2.94,0.227,0.557,0.293,3.33
2.95,0.227,0.557,0.293,3.34
2.95,0.227,0.557,0.293,3.34
2.95,0.227,0.557,0.293,3.35
2.95,0.227,0.557,0.293,3.35
2.95,0.227,0.557,0.293,3.35
2.95,0.227,0.557,0.293,3.35
2.95,0.227,0.557,0.293,3.35
2.95,0.227,0.557,0.293,3.36
2.95,0.227,0.557,0.293,3.36
2.95,0.227,0.557,0.293,3.36
2.95,0.227,0.557,0.293,3.37
2.95,0.227,0.557,0.293,3.38
2.95,0.227,0.557,0.294,3.38
2.95,0.227,0.557,0.294,3.38
2.95,0.227,0.557,0.294,3.38
2.96,0.227,0.557,0.294,3.38
2.96,0.227,0.557,0.294,3.38
2.96,0.227,0.557,0.294,3.39
2.96,0.227,0.557,0.294,3.4
2.96,0.227,0.558,0.294,3.4
2.96,0.227,0.558,0.294,3.41
2.96,0.227,0.558,0.294,3.41
2.96,0.227,0.558,0.294,3.41
2.96,0.227,0.558,0.294,3.41
2.97,0.227,0.558,0.294,3.41
2.97,0.227,0.558,0.295,3.41
2.97,0.228,0.558,0.295,3.42
2.97,0.228,0.558,0.295,3.42
2.97,0.228,0.558,0.295,3.42
2.97,0.228,0.558,0.295,3.43
2.97,0.228,0.558,0.295,3.43
2.97,0.228,0.558,0.295,3.43
2.97,0.228,0.558,0.295,3.44
2.97,0.228,0.558,0.295,3.44
2.97,0.228,0.558,0.295,3.44
2.97,0.228,0.558,0.295,3.44
2.98,0.228,0.558,0.295,3.44
2.98,0.228,0.558,0.296,3.45
2.98,0.228,0.558,0.296,3.45
2.98,0.228,0.558,0.296,3.46
2.98,0.228,0.558,0.296,3.46
2.98,0.228,0.558,0.296,3.46
2.98,0.228,0.558,0.296,3.46
2.98,0.228,0.558,0.296,3.46
2.98,0.228,0.558,0.296,3.47
2.99,0.228,0.558,0.296,3.47
2.99,0.228,0.558,0.296,3.47
2.99,0.228,0.558,0.296,3.47
2.99,0.228,0.558,0.297,3.47
2.99,0.228,0.558,0.297,3.48
2.99,0.228,0.558,0.297,3.48
2.99,0.228,0.558,0.297,3.49
2.99,0.228,0.558,0.297,3.49
2.99,0.228,0.558,0.297,3.5
3.0,0.228,0.558,0.297,3.5
3.0,0.228,0.558,0.298,3.5
3.0,0.228,0.558,0.298,3.5
3.0,0.228,0.559,0.298,3.51
3.0,0.228,0.559,0.298,3.51
3.0,0.228,0.559,0.298,3.51
3.0,0.229,0.559,0.298,3.51
3.0,0.229,0.559,0.298,3.51
3.0,0.229,0.559,0.298,3.51
3.0,0.229,0.559,0.298,3.51
3.0,0.229,0.559,0.299,3.51
3.0,0.229,0.559,0.299,3.51
3.0,0.229,0.559,0.299,3.51
3.0,0.229,0.559,0.299,3.51
3.0,0.229,0.559,0.299,3.51
3.0,0.229,0.559,0.299,3.51
3.01,0.229,0.559,0.299,3.51
3.01,0.229,0.559,0.299,3.52
3.01,0.229,0.559,0.299,3.52
3.01,0.229,0.559,0.299,3.52
3.01,0.229,0.559,0.3,3.52
3.01,0.229,0.559,0.3,3.52
3.02,0.229,0.559,0.3,3.52
3.02,0.229,0.559,0.3,3.52
3.02,0.229,0.559,0.301,3.53
3.02,0.229,0.559,0.301,3.53
3.02,0.229,0.559,0.301,3.53
3.02,0.229,0.559,0.302,3.53
3.02,0.229,0.559,0.302,3.53
3.02,0.229,0.559,0.302,3.53
3.02,0.229,0.559,0.303,3.53
3.02,0.229,0.559,0.304,3.53
3.03,0.229,0.559,0.304,3.53
3.03,0.229,0.559,0.304,3.53
3.03,0.229,0.559,0.304,3.54
3.03,0.229,0.559,0.304,3.54
3.03,0.23,0.559,0.305,3.55
3.03,0.23,0.559,0.305,3.55
3.03,0.23,0.56,0.307,3.55
3.03,0.23,0.56,0.307,3.55
3.03,0.23,0.56,0.308,3.56
3.04,0.23,0.56,0.31,3.56
3.04,0.23,0.56,0.311,3.56
3.04,0.23,0.56,0.312,3.56
3.04,0.23,0.56,0.313,3.56
3.04,0.23,0.56,0.313,3.57
3.04,0.23,0.56,0.314,3.57
3.04,0.23,0.56,0.315,3.57
3.04,0.23,0.56,0.316,3.58
3.04,0.23,0.56,0.32,3.58
3.04,0.23,0.56,0.322,3.58
3.04,0.23,0.56,0.324,3.58
3.04,0.23,0.56,0.327,3.58
3.05,0.23,0.56,0.327,3.59
3.05,0.23,0.56,0.329,3.59
3.05,0.23,0.56,0.33,3.59
3.05,0.23,0.56,0.332,3.6
3.05,0.23,0.56,0.332,3.6
3.05,0.23,0.56,0.334,3.61
3.05,0.23,0.56,0.335,3.61
3.05,0.23,0.56,0.335,3.61
3.06,0.23,0.56,0.336,3.62
3.06,0.23,0.56,0.336,3.62
3.06,0.23,0.56,0.336,3.62
3.06,0.23,0.56,0.337,3.62
3.06,0.23,0.56,0.337,3.63
3.06,0.23,0.56,0.338,3.63
3.06,0.23,0.56,0.339,3.63
3.06,0.23,0.56,0.339,3.64
3.07,0.23,0.56,0.339,3.64
3.07,0.23,0.56,0.339,3.65
3.07,0.23,0.56,0.34,3.65
3.07,0.23,0.56,0.34,3.65
3.07,0.23,0.56,0.341,3.65
3.07,0.23,0.56,0.341,3.65
3.07,0.23,0.56,0.341,3.65
3.07,0.23,0.56,0.342,3.66
3.08,0.23,0.56,0.342,3.66
3.08,0.23,0.56,0.342,3.68
3.08,0.231,0.56,0.342,3.69
3.08,0.231,0.56,0.343,3.71
3.08,0.231,0.561,0.343,3.72
3.08,0.231,0.561,0.343,3.72
3.08,0.231,0.561,0.343,3.72
3.08,0.231,0.561,0.343,3.73
3.09,0.231,0.561,0.344,3.74
3.09,0.231,0.561,0.344,3.74
3.09,0.231,0.561,0.344,3.74
3.09,0.231,0.561,0.344,3.76
3.09,0.231,0.561,0.345,3.76
3.09,0.231,0.561,0.346,3.77
3.09,0.231,0.561,0.347,3.77
3.1,0.231,0.561,0.347,3.78
3.1,0.231,0.561,0.347,3.78
3.1,0.231,0.561,0.347,3.78
3.1,0.231,0.561,0.347,3.78
3.1,0.231,0.561,0.348,3.78
3.1,0.231,0.561,0.348,3.8
3.1,0.231,0.561,0.348,3.8
3.1,0.231,0.561,0.348,3.81
3.1,0.231,0.561,0.348,3.81
3.1,0.231,0.561,0.349,3.82
3.1,0.231,0.561,0.349,3.82
3.11,0.231,0.561,0.349,3.82
3.11,0.231,0.561,0.349,3.84
3.11,0.231,0.561,0.35,3.84
3.11,0.231,0.561,0.35,3.84
3.12,0.231,0.561,0.35,3.84
3.12,0.231,0.561,0.35,3.84
3.12,0.231,0.561,0.35,3.84
3.12,0.231,0.561,0.35,3.84
3.12,0.231,0.561,0.351,3.84
3.12,0.231,0.561,0.351,3.84
3.12,0.231,0.561,0.351,3.85
3.12,0.231,0.561,0.351,3.86
3.13,0.232,0.561,0.351,3.87
3.13,0.232,0.561,0.351,3.88
3.13,0.232,0.561,0.351,3.88
3.13,0.232,0.561,0.351,3.88
3.13,0.232,0.561,0.351,3.89
3.13,0.232,0.561,0.351,3.89
3.13,0.232,0.561,0.351,3.89
3.13,0.232,0.561,0.351,3.9
3.13,0.232,0.562,0.352,3.9
3.13,0.232,0.562,0.352,3.9
3.13,0.232,0.562,0.352,3.9
3.14,0.232,0.562,0.352,3.91
3.14,0.232,0.562,0.352,3.92
3.14,0.232,0.562,0.353,3.93
3.14,0.232,0.562,0.353,3.94
3.14,0.232,0.562,0.353,3.94
3.14,0.232,0.562,0.353,3.98
3.14,0.232,0.562,0.354,3.98
3.14,0.232,0.562,0.354,3.99
3.15,0.232,0.562,0.354,4.0
3.15,0.232,0.562,0.354,4.01
3.15,0.232,0.562,0.354,4.01
3.15,0.232,0.562,0.354,4.02
3.15,0.232,0.562,0.354,4.03
3.15,0.232,0.562,0.355,4.04
3.15,0.232,0.562,0.355,4.05
3.15,0.232,0.562,0.355,4.06
3.15,0.232,0.562,0.355,4.06
3.16,0.232,0.562,0.355,4.06
3.16,0.232,0.562,0.355,4.07
3.16,0.232,0.562,0.355,4.08
3.16,0.232,0.562,0.355,4.09
3.16,0.232,0.562,0.355,4.09
3.16,0.232,0.562,0.355,4.1
3.16,0.232,0.562,0.355,4.11
3.16,0.232,0.562,0.356,4.11
3.17,0.232,0.562,0.356,4.12
3.17,0.232,0.562,0.356,4.13
3.17,0.232,0.562,0.356,4.15
3.17,0.232,0.562,0.356,4.2
3.17,0.232,0.562,0.356,4.2
3.17,0.232,0.562,0.357,4.21
3.17,0.233,0.562,0.357,4.21
3.17,0.233,0.562,0.357,4.22
3.17,0.233,0.562,0.357,4.22
3.18,0.233,0.563,0.357,4.23
3.18,0.233,0.563,0.357,4.24
3.18,0.233,0.563,0.358,4.26
3.18,0.233,0.563,0.358,4.26
3.18,0.233,0.563,0.358,4.26
3.18,0.233,0.563,0.358,4.26
3.18,0.233,0.563,0.358,4.27
3.18,0.233,0.563,0.358,4.27
3.19,0.233,0.563,0.358,4.27
3.19,0.233,0.563,0.358,4.27
3.19,0.233,0.563,0.359,4.28
3.19,0.233,0.563,0.359,4.29
3.19,0.233,0.563,0.359,4.3
3.19,0.233,0.563,0.359,4.31
3.19,0.233,0.563,0.359,4.31
3.19,0.233,0.563,0.359,4.32
3.19,0.233,0.563,0.359,4.35
3.19,0.233,0.563,0.359,4.36
3.19,0.233,0.563,0.359,4.37
3.19,0.234,0.563,0.359,4.37
3.2,0.234,0.563,0.359,4.38
3.2,0.234,0.563,0.359,4.4
3.2,0.234,0.563,0.359,4.4
3.2,0.234,0.563,0.359,4.41
3.2,0.234,0.563,0.36,4.41
3.2,0.234,0.563,0.36,4.43
3.21,0.234,0.563,0.36,4.51
3.21,0.234,0.563,0.36,4.52
3.21,0.234,0.563,0.36,4.53
3.21,0.234,0.563,0.36,4.53
3.21,0.234,0.564,0.36,4.53
3.21,0.234,0.564,0.36,4.54
3.21,0.234,0.564,0.361,4.56
3.22,0.235,0.564,0.361,4.57
3.22,0.235,0.564,0.361,4.59
3.22,0.235,0.564,0.361,4.6
3.22,0.235,0.564,0.361,4.61
3.22,0.235,0.564,0.361,4.62
3.22,0.235,0.564,0.362,4.67
3.22,0.235,0.564,0.362,4.68
3.22,0.235,0.564,0.362,4.72
3.22,0.235,0.564,0.362,4.83
3.22,0.235,0.564,0.362,4.84
3.22,0.236,0.564,0.362,4.86
3.22,0.236,0.564,0.362,4.87
3.22,0.236,0.564,0.362,4.9
3.22,0.236,0.564,0.362,4.92
3.23,0.236,0.564,0.362,4.92
3.23,0.236,0.564,0.362,4.93
3.23,0.236,0.564,0.363,4.95
3.23,0.236,0.564,0.363,4.95
3.23,0.236,0.564,0.363,4.96
3.23,0.236,0.564,0.363,4.97
3.24,0.236,0.564,0.363,4.97
3.24,0.236,0.564,0.363,4.97
3.24,0.236,0.564,0.363,4.98
3.24,0.236,0.564,0.363,5.0
3.24,0.237,0.564,0.363,5.0
3.24,0.237,0.564,0.363,5.03
3.24,0.237,0.565,0.364,5.05
3.24,0.237,0.565,0.364,5.12
3.24,0.237,0.565,0.364,5.19
3.24,0.237,0.565,0.364,5.22
3.24,0.237,0.565,0.364,5.24
3.25,0.237,0.565,0.365,5.26
3.25,0.237,0.565,0.365,5.28
3.25,0.237,0.565,0.365,5.28
3.25,0.238,0.565,0.365,5.3
3.25,0.238,0.565,0.365,5.34
3.26,0.238,0.565,0.365,5.36
3.26,0.238,0.565,0.365,5.37
3.26,0.238,0.565,0.365,5.38
3.26,0.238,0.565,0.366,5.38
3.26,0.238,0.565,0.366,5.42
3.26,0.238,0.565,0.366,5.46
3.27,0.238,0.565,0.366,5.54
3.27,0.238,0.565,0.366,5.55
3.27,0.239,0.565,0.366,5.57
3.27,0.239,0.565,0.366,5.58
3.27,0.239,0.565,0.366,5.59
3.27,0.239,0.565,0.366,5.62
3.27,0.239,0.565,0.367,5.62
3.27,0.239,0.565,0.367,5.63
3.27,0.239,0.565,0.367,5.64
3.27,0.239,0.565,0.367,5.66
3.27,0.239,0.565,0.367,5.66
3.28,0.24,0.565,0.368,5.68
3.28,0.24,0.566,0.368,5.72
3.28,0.24,0.566,0.368,5.74
3.28,0.24,0.566,0.369,5.78
3.28,0.24,0.566,0.369,5.82
3.29,0.24,0.566,0.369,5.84
3.29,0.24,0.566,0.369,5.93
3.29,0.24,0.566,0.369,6.03
3.29,0.24,0.566,0.369,6.05
3.29,0.24,0.566,0.369,6.05
3.29,0.24,0.566,0.369,6.07
3.29,0.24,0.566,0.369,6.19
3.29,0.241,0.566,0.369,6.19
3.3,0.241,0.566,0.37,6.23
3.3,0.241,0.566,0.37,6.33
3.3,0.241,0.566,0.371,6.33
3.3,0.241,0.566,0.371,6.34
3.3,0.242,0.567,0.371,6.34
3.3,0.242,0.567,0.371,6.36
3.3,0.242,0.567,0.372,6.38
3.3,0.242,0.567,0.372,6.38
3.31,0.243,0.567,0.372,6.41
3.31,0.243,0.567,0.372,6.42
3.31,0.244,0.567,0.373,6.66
3.31,0.244,0.567,0.373,6.67
3.31,0.244,0.567,0.373,6.68
3.31,0.244,0.567,0.373,6.8
3.31,0.244,0.567,0.373,6.83
3.32,0.244,0.567,0.373,6.92
3.32,0.244,0.567,0.373,6.96
3.32,0.245,0.567,0.374,7.04
3.32,0.245,0.567,0.374,7.05
3.32,0.245,0.567,0.374,7.09
3.32,0.245,0.567,0.375,7.21
3.33,0.245,0.567,0.376,7.31
3.33,0.245,0.567,0.376,7.37
3.33,0.245,0.567,0.376,7.38
3.33,0.246,0.567,0.377,7.46
3.33,0.246,0.567,0.377,7.49
3.33,0.246,0.567,0.377,7.49
3.34,0.246,0.567,0.377,7.5
3.34,0.246,0.567,0.377,7.52
3.34,0.246,0.567,0.377,7.6
3.34,0.246,0.568,0.378,7.64
3.34,0.246,0.568,0.378,7.68
3.35,0.246,0.568,0.379,7.71
3.35,0.246,0.568,0.38,7.73
3.35,0.246,0.568,0.38,7.75
3.35,0.246,0.568,0.38,7.85
3.36,0.246,0.568,0.381,7.88
3.36,0.246,0.568,0.381,7.97
3.36,0.246,0.568,0.381,7.98
3.36,0.246,0.568,0.381,7.98
3.37,0.246,0.568,0.382,8.02
3.37,0.246,0.568,0.382,8.04
3.37,0.247,0.568,0.382,8.09
3.38,0.247,0.568,0.382,8.19
3.38,0.247,0.569,0.382,8.29
3.38,0.247,0.569,0.382,8.56
3.39,0.247,0.569,0.382,8.67
3.39,0.247,0.569,0.383,8.68
3.4,0.247,0.569,0.383,8.68
3.4,0.247,0.569,0.383,8.75
3.4,0.247,0.569,0.383,8.93
3.41,0.247,0.569,0.383,9.0
3.42,0.247,0.569,0.383,9.06
3.42,0.248,0.569,0.383,9.12
3.42,0.248,0.569,0.384,9.12
3.42,0.248,0.569,0.384,9.12
3.43,0.248,0.569,0.384,9.13
3.43,0.248,0.569,0.384,9.19
3.44,0.248,0.569,0.384,9.25
3.44,0.248,0.569,0.385,9.26
3.44,0.248,0.569,0.385,9.29
3.44,0.249,0.569,0.385,9.29
3.45,0.249,0.569,0.385,9.31
3.45,0.249,0.569,0.385,9.4
3.45,0.249,0.569,0.385,9.41
3.46,0.249,0.569,0.385,9.47
3.47,0.249,0.569,0.385,9.57
3.47,0.25,0.57,0.385,9.59
3.48,0.25,0.57,0.385,9.59
3.48,0.25,0.57,0.386,9.62
3.49,0.25,0.57,0.386,9.64
3.5,0.251,0.57,0.386,9.77
3.5,0.251,0.57,0.386,9.82
3.51,0.252,0.57,0.386,9.85
3.52,0.252,0.57,0.386,9.86
3.52,0.252,0.57,0.386,9.88
3.53,0.252,0.57,0.386,10.1
3.54,0.252,0.57,0.386,10.1
3.57,0.253,0.57,0.387,10.2
3.6,0.253,0.57,0.387,10.2
3.61,0.253,0.57,0.387,10.6
3.63,0.253,0.57,0.387,10.7
3.63,0.253,0.571,0.387,10.9
3.72,0.253,0.571,0.387,10.9
3.76,0.254,0.571,0.388,11.0
3.9,0.254,0.571,0.388,11.0
3.91,0.255,0.571,0.388,11.2
3.95,0.255,0.571,0.389,11.2
3.99,0.255,0.571,0.389,11.2
4.03,0.255,0.571,0.389,11.3
4.09,0.255,0.571,0.389,11.4
4.34,0.255,0.571,0.389,11.5
4.35,0.255,0.571,0.39,11.6
4.63,0.256,0.571,0.39,11.8
4.82,0.256,0.572,0.39,11.9
4.87,0.256,0.572,0.39,11.9
4.98,0.257,0.572,0.39,12.0
5.23,0.257,0.572,0.391,12.1
5.95,0.258,0.572,0.391,12.1
10.4,0.258,0.572,0.391,12.4
11.2,0.259,0.572,0.392,13.0
13.0,0.26,0.572,0.393,13.0
18.9,0.261,0.573,0.393,13.2
21.7,0.262,0.573,0.393,13.3
23.7,0.262,0.573,0.393,13.4
24.2,0.262,0.573,0.393,14.3
24.3,0.262,0.573,0.393,15.1
25.4,0.264,0.573,0.393,15.5
25.6,0.265,0.573,0.394,16.2
27.6,0.267,0.574,0.394,16.9
31.7,0.275,0.574,0.395,17.5
32.2,0.285,0.574,0.395,17.9
32.8,0.299,0.575,0.396,18.3
37.9,0.299,0.576,0.396,20.0
39.0,0.303,0.576,0.396,20.6
39.5,0.308,0.576,0.396,20.9
39.7,0.309,0.576,0.397,21.2
43.0,0.315,0.576,0.397,21.8
44.2,0.322,0.577,0.397,22.8
52.9,0.325,0.578,0.397,24.3
53.5,0.325,0.578,0.398,24.5
56.6,0.326,0.578,0.398,24.8
60.6,0.327,0.578,0.399,25.0
62.2,0.329,0.578,0.399,25.6
66.2,0.331,0.579,0.399,25.8
70.4,0.332,0.579,0.4,26.1
71.2,0.334,0.579,0.401,26.4
74.6,0.334,0.58,0.401,27.2
83.9,0.334,0.581,0.402,27.9
87.0,0.335,0.582,0.402,28.4
90.6,0.336,0.583,0.403,29.6
98.9,0.337,0.583,0.403,30.3
102.0,0.341,0.584,0.403,31.5
103.0,0.341,0.584,0.403,31.7
103.0,0.343,0.588,0.404,32.0
104.0,0.344,0.589,0.405,33.1
113.0,0.357,0.591,0.409,35.1
116.0,0.367,0.591,0.411,36.8
123.0,0.386,0.595,0.425,41.1
126.0,0.387,0.596,0.426,41.3
