rp bridge netlab-home network, 
166, 
153, 
157, 
156, 
164, 
159, 
155, 
159, 
156, 
156, 
159, 
154, 
162, 
219, 
199, 
156, 
167, 
156, 
157, 
156, 
159, 
160, 
168, 
160, 
162, 
151, 
152, 
149, 
154, 
156, 
158, 
164, 
162, 
155, 
164, 
163, 
194, 
160, 
156, 
160, 
158, 
161, 
158, 
158, 
155, 
163, 
148, 
163, 
152, 
155, 
157, 
158, 
157, 
156, 
155, 
169, 
166, 
155, 
162, 
159, 
162, 
156, 
162, 
162, 
148, 
210, 
153, 
150, 
155, 
164, 
159, 
175, 
155, 
161, 
166, 
156, 
164, 
153, 
156, 
147, 
148, 
164, 
158, 
156, 
169, 
162, 
165, 
156, 
178, 
163, 
161, 
162, 
161, 
178, 
164, 
159, 
167, 
157, 
159, 
160, 
158, 
168, 
164, 
170, 
167, 
171, 
150, 
149, 
160, 
155, 
159, 
154, 
177, 
155, 
161, 
164, 
152, 
159, 
150, 
151, 
147, 
162, 
156, 
164, 
160, 
159, 
156, 
157, 
162, 
174, 
161, 
154, 
161, 
156, 
157, 
164, 
165, 
155, 
155, 
159, 
192, 
159, 
153, 
160, 
157, 
156, 
159, 
157, 
149, 
163, 
146, 
147, 
160, 
196, 
158, 
170, 
159, 
159, 
156, 
161, 
160, 
154, 
157, 
165, 
161, 
156, 
160, 
161, 
197, 
193, 
162, 
159, 
157, 
159, 
156, 
171, 
155, 
155, 
162, 
163, 
156, 
156, 
159, 
163, 
156, 
154, 
166, 
160, 
154, 
157, 
159, 
155, 
164, 
155, 
157, 
154, 
158, 
149, 
149, 
177, 
159, 
158, 
166, 
160, 
155, 
166, 
154, 
159, 
149, 
151, 
149, 
156, 
148, 
158, 
155, 
160, 
154, 
156, 
167, 
156, 
158, 
154, 
155, 
158, 
161, 
158, 
159, 
157, 
159, 
162, 
159, 
183, 
158, 
158, 
175, 
153, 
157, 
153, 
156, 
153, 
186, 
155, 
165, 
155, 
161, 
158, 
156, 
153, 
157, 
156, 
157, 
146, 
146, 
149, 
144, 
145, 
152, 
153, 
162, 
153, 
157, 
157, 
154, 
152, 
155, 
155, 
154, 
156, 
155, 
162, 
160, 
154, 
233, 
153, 
151, 
166, 
144, 
147, 
147, 
195, 
153, 
152, 
157, 
153, 
204, 
157, 
156, 
159, 
145, 
145, 
144, 
145, 
180, 
158, 
164, 
157, 
165, 
155, 
153, 
154, 
155, 
158, 
157, 
156, 
183, 
155, 
167, 
162, 
156, 
157, 
168, 
156, 
155, 
158, 
148, 
147, 
150, 
151, 
160, 
158, 
151, 
156, 
162, 
160, 
195, 
158, 
157, 
153, 
148, 
147, 
155, 
158, 
155, 
159, 
159, 
162, 
158, 
160, 
154, 
173, 
149, 
153, 
149, 
159, 
156, 
156, 
159, 
166, 
159, 
165, 
155, 
156, 
156, 
156, 
148, 
153, 
152, 
150, 
156, 
156, 
157, 
159, 
167, 
153, 
167, 
154, 
154, 
162, 
173, 
163, 
157, 
155, 
161, 
158, 
169, 
172, 
189, 
159, 
161, 
160, 
157, 
146, 
147, 
151, 
158, 
160, 
156, 
160, 
163, 
154, 
159, 
161, 
188, 
158, 
164, 
157, 
155, 
183, 
159, 
159, 
157, 
155, 
156, 
156, 
155, 
161, 
148, 
151, 
153, 
150, 
169, 
164, 
155, 
156, 
160, 
161, 
163, 
159, 
160, 
147, 
150, 
149, 
149, 
158, 
153, 
157, 
160, 
172, 
156, 
159, 
154, 
178, 
158, 
158, 
155, 
155, 
157, 
155, 
156, 
163, 
159, 
165, 
156, 
154, 
169, 
159, 
155, 
157, 
154, 
161, 
164, 
155, 
158, 
163, 
160, 
167, 
159, 
168, 
151, 
149, 
158, 
146, 
148, 
158, 
156, 
160, 
155, 
160, 
162, 
158, 
160, 
174, 
157, 
154, 
168, 
155, 
167, 
165, 
159, 
156, 
160, 
158, 
158, 
205, 
159, 
152, 
161, 
147, 
150, 
157, 
160, 
160, 
171, 
155, 
171, 
157, 
167, 
157, 
163, 
156, 
162, 
159, 
160, 
161, 
156, 
161, 
158, 
158, 
155, 
156, 
156, 
155, 
156, 
187, 
191, 
176, 
156, 
154, 
157, 
157, 
156, 
159, 
156, 
156, 
155, 
158, 
156, 
157, 
164, 
161, 
154, 
174, 
154, 
154, 
156, 
159, 
161, 
153, 
149, 
162, 
149, 
150, 
165, 
160, 
172, 
159, 
155, 
162, 
175, 
165, 
157, 
153, 
193, 
285, 
395, 
363, 
257, 
158, 
160, 
286, 
1087, 
323, 
304, 
159, 
162, 
158, 
156, 
169, 
161, 
158, 
164, 
157, 
159, 
167, 
157, 
158, 
159, 
155, 
163, 
155, 
158, 
224, 
268, 
294, 
339, 
373, 
428, 
294, 
350, 
360, 
382, 
420, 
446, 
305, 
338, 
344, 
382, 
433, 
1264, 
344, 
431, 
308, 
327, 
370, 
380, 
401, 
590, 
277, 
305, 
315, 
354, 
395, 
424, 
250, 
265, 
323, 
364, 
395, 
408, 
396, 
372, 
365, 
375, 
401, 
430, 
386, 
256, 
309, 
310, 
403, 
441, 
458, 
287, 
306, 
324, 
368, 
403, 
466, 
405, 
1534, 
333, 
159, 
157, 
160, 
156, 
153, 
172, 
158, 
161, 
156, 
157, 
161, 
148, 
151, 
149, 
159, 
167, 
157, 
161, 
158, 
161, 
158, 
158, 
159, 
165, 
160, 
159, 
165, 
173, 
156, 
155, 
159, 
202, 
160, 
160, 
173, 
167, 
169, 
163, 
176, 
158, 
148, 
156, 
155, 
166, 
155, 
157, 
158, 
161, 
165, 
159, 
165, 
165, 
160, 
179, 
154, 
150, 
151, 
190, 
158, 
163, 
169, 
157, 
155, 
155, 
157, 
164, 
170, 
159, 
157, 
159, 
169, 
164, 
157, 
158, 
158, 
160, 
162, 
166, 
196, 
166, 
174, 
160, 
178, 
201, 
158, 
153, 
159, 
172, 
157, 
158, 
160, 
156, 
158, 
157, 
157, 
161, 
157, 
158, 
162, 
156, 
161, 
157, 
161, 
159, 
158, 
163, 
155, 
157, 
167, 
158, 
159, 
157, 
160, 
181, 
150, 
161, 
148, 
162, 
162, 
154, 
156, 
155, 
162, 
160, 
159, 
159, 
162, 
160, 
163, 
162, 
156, 
179, 
145, 
147, 
219, 
148, 
170, 
170, 
156, 
159, 
161, 
162, 
156, 
156, 
170, 
160, 
156, 
155, 
157, 
157, 
172, 
158, 
155, 
158, 
161, 
157, 
156, 
162, 
147, 
164, 
152, 
149, 
157, 
153, 
158, 
159, 
158, 
167, 
159, 
155, 
180, 
154, 
157, 
154, 
157, 
157, 
160, 
165, 
157, 
166, 
157, 
156, 
188, 
156, 
157, 
156, 
255, 
162, 
159, 
165, 
346, 
265, 
156, 
159, 
155, 
182, 
157, 
152, 
155, 
146, 
152, 
152, 
157, 
162, 
158, 
169, 
162, 
159, 
156, 
158, 
147, 
150, 
146, 
149, 
150, 
153, 
157, 
149, 
148, 
150, 
151, 
149, 
157, 
158, 
168, 
161, 
154, 
162, 
157, 
157, 
158, 
159, 
163, 
165, 
157, 
162, 
159, 
185, 
172, 
163, 
149, 
161, 
164, 
158, 
163, 
175, 
164, 
156, 
156, 
156, 
159, 
146, 
150, 
151, 
178, 
158, 
161, 
157, 
158, 
161, 
158, 
157, 
164, 
183, 
169, 
159, 
157, 
167, 
159, 
161, 
156, 
158, 
156, 
158, 
155, 
156, 
167, 
157, 
155, 
159, 
158, 
156, 
157, 
158, 
166, 
160, 
173, 
156, 
163, 
177, 
152, 
210, 
151, 
162, 
159, 
157, 
170, 
155, 
156, 
154, 
157, 
157, 
154, 
156, 
158, 
157, 
157, 
155, 
166, 
190, 
166, 
159, 
160, 
156, 
181, 
162, 
156, 
164, 
161, 
159, 
165, 
192, 
154, 
159, 
153, 
163, 
176, 
167, 
173, 
158, 
163, 
172, 
158, 
158, 
155, 
161, 
161, 
158, 
159, 
160, 
160, 
233, 
149, 
150, 
153, 
147, 
157, 
164, 
162, 
159, 
166, 
167, 
164, 
159, 
158, 
161, 
154, 
166, 
154, 
161, 
158, 
156, 
158, 
164, 
161, 
161, 
160, 
180, 
148, 
155, 
149, 
148, 
162, 
169, 
160, 
171, 
160, 
162, 
174, 
161, 
168, 
155, 
158, 
150, 
149, 
165, 
158, 
163, 
168, 
156, 
158, 
174, 
180, 
157, 
158, 
170, 
160, 
154, 
166, 
155, 
156, 
158, 
161, 
181, 
156, 
165, 
167, 
167, 
157, 
156, 
158, 
156, 
158, 
163, 
158, 
156, 
177, 
150, 
151, 
147, 
156, 
159, 
156, 
157, 
153, 
216, 
148, 
151, 
162, 
156, 
160, 
156, 
159, 
162, 
154, 
156, 
180, 
160, 
155, 
161, 
169, 
158, 
170, 
173, 
173, 
156, 
160, 
153, 
205, 
156, 
159, 
157, 
157, 
157, 
158, 
159, 
160, 
159, 
159, 
161, 
152, 
151, 
148, 
149, 
165, 
162, 
157, 
161, 
157, 
158, 
165, 
168, 
166, 
150, 
166, 
150, 
166, 
163, 
158, 
162, 
157, 
164, 
162, 
159, 
157, 
156, 
148, 
152, 
150, 
153, 
152, 
160, 
160, 
159, 
185, 
156, 
241, 
161, 
160, 
161, 
158, 
163, 
157, 
164, 
158, 
164, 
156, 
157, 
159, 
157, 
168, 
159, 
164, 
150, 
149, 
147, 
155, 
157, 
161, 
158, 
164, 
155, 
156, 
160, 
156, 
155, 
157, 
163, 
148, 
204, 
149, 
153, 
167, 
155, 
159, 
158, 
163, 
165, 
158, 
159, 
159, 
169, 
157, 
156, 
159, 
156, 
162, 
208, 
157, 
159, 
166, 
162, 
180, 
149, 
149, 
158, 
156, 
155, 
158, 
156, 
156, 
158, 
159, 
159, 
162, 
156, 
160, 
183, 
157, 
161, 
156, 
167, 
164, 
158, 
159, 
244, 
162, 
158, 
168, 
161, 
154, 
159, 
159, 
157, 
165, 
165, 
154, 
164, 
159, 
169, 
155, 
157, 
161, 
165, 
156, 
155, 
164, 
158, 
160, 
156, 
156, 
158, 
155, 
158, 
160, 
152, 
150, 
151, 
150, 
155, 
157, 
177, 
157, 
168, 
171, 
156, 
163, 
157, 
157, 
160, 
157, 
155, 
161, 
154, 
158, 
157, 
160, 
166, 
159, 
160, 
161, 
152, 
149, 
180, 
153, 
164, 
160, 
160, 
170, 
155, 
162, 
171, 
167, 
162, 
149, 
146, 
150, 
149, 
156, 
161, 
170, 
235, 
157, 
158, 
160, 
163, 
157, 
154, 
153, 
150, 
156, 
162, 
156, 
160, 
155, 
161, 
159, 
159, 
156, 
158, 
156, 
163, 
163, 
158, 
164, 
166, 
158, 
160, 
160, 
161, 
155, 
159, 
156, 
166, 
157, 
157, 
160, 
160, 
156, 
154, 
159, 
176, 
169, 
158, 
159, 
160, 
161, 
157, 
172, 
158, 
155, 
188, 
173, 
156, 
160, 
162, 
156, 
161, 
161, 
162, 
161, 
155, 
160, 
171, 
160, 
160, 
159, 
164, 
164, 
159, 
159, 
164, 
190, 
151, 
160, 
156, 
149, 
159, 
166, 
158, 
169, 
157, 
158, 
163, 
157, 
169, 
154, 
163, 
158, 
166, 
164, 
167, 
168, 
165, 
164, 
158, 
161, 
156, 
156, 
167, 
159, 
158, 
159, 
170, 
172, 
159, 
185, 
158, 
169, 
162, 
161, 
154, 
157, 
169, 
152, 
172, 
157, 
150, 
162, 
163, 
163, 
156, 
161, 
169, 
171, 
158, 
173, 
155, 
153, 
155, 
152, 
169, 
165, 
169, 
158, 
166, 
175, 
156, 
165, 
164, 
154, 
161, 
159, 
158, 
159, 
158, 
162, 
160, 
162, 
167, 
157, 
172, 
156, 
158, 
152, 
153, 
149, 
162, 
171, 
155, 
158, 
157, 
163, 
163, 
162, 
173, 
164, 
196, 
163, 
162, 
160, 
161, 
156, 
157, 
158, 
160, 
164, 
183, 
174, 
156, 
155, 
152, 
244, 
149, 
159, 
162, 
158, 
171, 
159, 
154, 
154, 
154, 
153, 
152, 
166, 
165, 
159, 
164, 
168, 
159, 
157, 
160, 
182, 
158, 
159, 
250, 
157, 
158, 
160, 
213, 
164, 
157, 
158, 
159, 
157, 
161, 
156, 
163, 
160, 
155, 
161, 
156, 
158, 
162, 
161, 
162, 
191, 
159, 
155, 
162, 
156, 
162, 
158, 
158, 
161, 
154, 
159, 
156, 
160, 
165, 
158, 
159, 
163, 
157, 
156, 
149, 
153, 
152, 
155, 
166, 
159, 
166, 
161, 
158, 
169, 
160, 
157, 
156, 
156, 
165, 
190, 
198, 
162, 
173, 
170, 
158, 
170, 
157, 
157, 
175, 
166, 
161, 
166, 
162, 
159, 
156, 
161, 
156, 
159, 
157, 
168, 
164, 
161, 
164, 
157, 
175, 
165, 
161, 
161, 
160, 
156, 
159, 
164, 
149, 
148, 
167, 
150, 
156, 
172, 
158, 
164, 
182, 
170, 
159, 
162, 
165, 
161, 
158, 
160, 
161, 
152, 
158, 
200, 
160, 
157, 
160, 
174, 
163, 
161, 
162, 
155, 
156, 
158, 
156, 
162, 
160, 
157, 
156, 
165, 
158, 
158, 
159, 
159, 
157, 
162, 
157, 
167, 
158, 
167, 
154, 
158, 
156, 
156, 
167, 
158, 
161, 
161, 
162, 
172, 
164, 
154, 
148, 
151, 
153, 
160, 
166, 
158, 
157, 
159, 
157, 
162, 
158, 
159, 
163, 
208, 
170, 
161, 
259, 
159, 
158, 
163, 
165, 
157, 
160, 
159, 
158, 
149, 
150, 
157, 
149, 
160, 
157, 
164, 
171, 
163, 
160, 
164, 
166, 
159, 
167, 
150, 
152, 
150, 
159, 
157, 
170, 
148, 
154, 
157, 
150, 
160, 
156, 
215, 
159, 
159, 
162, 
162, 
160, 
169, 
161, 
155, 
160, 
159, 
160, 
172, 
195, 
166, 
156, 
157, 
161, 
157, 
171, 
163, 
156, 
164, 
160, 
167, 
159, 
152, 
149, 
149, 
160, 
147, 
156, 
159, 
158, 
162, 
167, 
178, 
168, 
163, 
156, 
164, 
151, 
148, 
154, 
158, 
162, 
156, 
162, 
158, 
163, 
161, 
156, 
161, 
162, 
176, 
160, 
175, 
156, 
178, 
159, 
175, 
157, 
163, 
161, 
158, 
161, 
191, 
156, 
148, 
151, 
165, 
155, 
173, 
162, 
159, 
158, 
169, 
160, 
180, 
172, 
149, 
158, 
172, 
156, 
170, 
165, 
158, 
157, 
155, 
159, 
165, 
156, 
157, 
166, 
153, 
150, 
158, 
146, 
149, 
151, 
146, 
148, 
155, 
162, 
169, 
146, 
153, 
150, 
149, 
149, 
155, 
155, 
163, 
160, 
165, 
161, 
159, 
167, 
154, 
149, 
157, 
150, 
151, 
162, 
155, 
159, 
162, 
158, 
160, 
163, 
157, 
161, 
163, 
157, 
160, 
160, 
167, 
156, 
155, 
163, 
161, 
156, 
160, 
168, 
156, 
165, 
170, 
158, 
162, 
162, 
165, 
214, 
169, 
162, 
164, 
162, 
161, 
160, 
164, 
150, 
164, 
152, 
161, 
163, 
159, 
156, 
162, 
161, 
157, 
162, 
169, 
157, 
159, 
157, 
176, 
164, 
169, 
166, 
173, 
161, 
169, 
166, 
162, 
163, 
154, 
152, 
148, 
148, 
158, 
167, 
157, 
161, 
159, 
161, 
157, 
158, 
159, 
162, 
156, 
155, 
157, 
165, 
158, 
156, 
164, 
157, 
158, 
162, 
156, 
161, 
148, 
157, 
151, 
149, 
156, 
156, 
162, 
164, 
156, 
166, 
194, 
163, 
156, 
156, 
173, 
160, 
167, 
156, 
162, 
156, 
156, 
160, 
161, 
181, 
158, 
159, 
156, 
166, 
168, 
158, 
165, 
159, 
157, 
174, 
187, 
156, 
165, 
158, 
162, 
157, 
156, 
155, 
155, 
150, 
160, 
161, 
160, 
157, 
164, 
156, 
164, 
158, 
171, 
152, 
157, 
150, 
148, 
159, 
162, 
163, 
157, 
156, 
186, 
164, 
156, 
175, 
149, 
149, 
207, 
156, 
169, 
178, 
159, 
155, 
160, 
156, 
163, 
162, 
159, 
160, 
153, 
150, 
158, 
167, 
157, 
168, 
164, 
166, 
159, 
154, 
158, 
237, 
157, 
155, 
156, 
159, 
159, 
160, 
159, 
159, 
155, 
160, 
163, 
169, 
159, 
161, 
155, 
157, 
169, 
157, 
160, 
164, 
161, 
199, 
172, 
171, 
166, 
168, 
159, 
182, 
161, 
173, 
165, 
154, 
162, 
156, 
157, 
159, 
156, 
165, 
165, 
161, 
153, 
150, 
160, 
151, 
154, 
166, 
173, 
157, 
161, 
162, 
157, 
162, 
171, 
150, 
150, 
156, 
148, 
159, 
155, 
162, 
156, 
164, 
159, 
169, 
158, 
158, 
168, 
155, 
172, 
178, 
162, 
159, 
161, 
252, 
160, 
164, 
177, 
162, 
159, 
149, 
199, 
151, 
153, 
157, 
162, 
157, 
157, 
158, 
157, 
164, 
154, 
163, 
159, 
155, 
160, 
158, 
164, 
158, 
170, 
162, 
156, 
157, 
160, 
156, 
160, 
155, 
160, 
157, 
151, 
156, 
163, 
150, 
151, 
149, 
148, 
158, 
156, 
158, 
161, 
157, 
159, 
159, 
157, 
158, 
164, 
160, 
163, 
162, 
159, 
159, 
160, 
156, 
163, 
156, 
156, 
161, 
157, 
157, 
158, 
157, 
161, 
156, 
162, 
160, 
156, 
157, 
154, 
159, 
163, 
158, 
168, 
155, 
159, 
159, 
158, 
162, 
172, 
157, 
159, 
155, 
156, 
159, 
155, 
156, 
157, 
163, 
179, 
158, 
157, 
155, 
162, 
157, 
162, 
165, 
166, 
157, 
173, 
158, 
158, 
166, 
156, 
164, 
161, 
158, 
160, 
157, 
156, 
165, 
166, 
162, 
162, 
165, 
156, 
159, 
158, 
161, 
190, 
166, 
157, 
157, 
165, 
155, 
152, 
157, 
160, 
152, 
168, 
156, 
160, 
161, 
154, 
180, 
161, 
155, 
174, 
163, 
160, 
164, 
171, 
156, 
156, 
154, 
156, 
151, 
158, 
157, 
163, 
168, 
159, 
158, 
162, 
157, 
161, 
212, 
172, 
158, 
156, 
160, 
159, 
161, 
160, 
161, 
157, 
157, 
160, 
166, 
149, 
151, 
146, 
182, 
151, 
152, 
157, 
150, 
155, 
156, 
169, 
172, 
160, 
157, 
157, 
156, 
168, 
157, 
160, 
164, 
156, 
159, 
158, 
154, 
148, 
158, 
169, 
152, 
149, 
155, 
151, 
159, 
157, 
156, 
159, 
167, 
155, 
155, 
159, 
161, 
158, 
159, 
158, 
159, 
155, 
156, 
150, 
149, 
150, 
151, 
166, 
150, 
160, 
158, 
157, 
163, 
153, 
157, 
156, 
155, 
156, 
160, 
165, 
165, 
156, 
161, 
155, 
162, 
158, 
160, 
158, 
161, 
158, 
163, 
160, 
157, 
163, 
162, 
203, 
166, 
166, 
159, 
159, 
158, 
156, 
165, 
161, 
165, 
154, 
166, 
157, 
159, 
163, 
159, 
158, 
165, 
166, 
164, 
175, 
158, 
168, 
159, 
167, 
169, 
154, 
166, 
158, 
156, 
161, 
168, 
157, 
158, 
172, 
162, 
156, 
156, 
163, 
159, 
165, 
159, 
155, 
156, 
163, 
157, 
156, 
155, 
157, 
164, 
155, 
157, 
164, 
157, 
156, 
154, 
156, 
157, 
155, 
156, 
161, 
152, 
153, 
156, 
152, 
149, 
151, 
160, 
147, 
167, 
161, 
159, 
158, 
169, 
168, 
157, 
163, 
156, 
158, 
168, 
160, 
165, 
163, 
157, 
150, 
151, 
165, 
147, 
158, 
151, 
223, 
152, 
157, 
158, 
160, 
160, 
160, 
158, 
156, 
156, 
163, 
156, 
156, 
157, 
164, 
159, 
176, 
156, 
163, 
154, 
162, 
157, 
164, 
164, 
156, 
161, 
170, 
161, 
164, 
154, 
155, 
156, 
155, 
158, 
159, 
158, 
156, 
155, 
160, 
169, 
149, 
147, 
148, 
161, 
151, 
150, 
150, 
148, 
159, 
155, 
155, 
155, 
164, 
155, 
174, 
164, 
152, 
162, 
148, 
149, 
147, 
160, 
149, 
149, 
147, 
148, 
156, 
156, 
165, 
175, 
157, 
159, 
158, 
158, 
157, 
158, 
154, 
159, 
157, 
158, 
159, 
156, 
162, 
157, 
157, 
160, 
158, 
165, 
158, 
182, 
160, 
205, 
167, 
159, 
159, 
155, 
177, 
158, 
156, 
160, 
157, 
159, 
160, 
159, 
163, 
164, 
163, 
157, 
158, 
157, 
160, 
158, 
159, 
160, 
169, 
163, 
161, 
159, 
199, 
159, 
164, 
167, 
159, 
155, 
159, 
158, 
159, 
155, 
157, 
160, 
163, 
157, 
157, 
166, 
170, 
160, 
154, 
158, 
172, 
157, 
157, 
156, 
160, 
160, 
168, 
185, 
154, 
164, 
166, 
161, 
165, 
156, 
155, 
160, 
153, 
161, 
172, 
157, 
163, 
158, 
159, 
155, 
156, 
174, 
164, 
158, 
158, 
155, 
180, 
158, 
156, 
157, 
161, 
154, 
168, 
157, 
161, 
164, 
169, 
178, 
179, 
171, 
158, 
159, 
168, 
158, 
172, 
156, 
158, 
160, 
160, 
163, 
156, 
156, 
157, 
156, 
157, 
159, 
161, 
157, 
164, 
155, 
155, 
158, 
173, 
154, 
167, 
165, 
158, 
154, 
158, 
161, 
166, 
172, 
156, 
160, 
162, 
164, 
164, 
159, 
177, 
174, 
155, 
159, 
160, 
164, 
156, 
170, 
162, 
170, 
173, 
167, 
154, 
157, 
411, 
583, 
278, 
252, 
211, 
154, 
149, 
165, 
166, 
155, 
153, 
155, 
154, 
160, 
163, 
165, 
169, 
162, 
155, 
160, 
158, 
168, 
172, 
159, 
162, 
160, 
161, 
157, 
157, 
162, 
169, 
163, 
159, 
165, 
167, 
152, 
162, 
178, 
166, 
151, 
154, 
149, 
147, 
193, 
155, 
167, 
160, 
160, 
160, 
154, 
158, 
171, 
162, 
162, 
160, 
167, 
168, 
157, 
165, 
159, 
156, 
156, 
156, 
166, 
159, 
156, 
182, 
796, 
234, 
158, 
167, 
158, 
155, 
155, 
161, 
163, 
161, 
158, 
172, 
161, 
154, 
163, 
201, 
158, 
159, 
177, 
165, 
159, 
157, 
157, 
155, 
164, 
163, 
167, 
162, 
197, 
157, 
157, 
157, 
165, 
162, 
166, 
163, 
157, 
161, 
201, 
150, 
196, 
164, 
148, 
152, 
159, 
178, 
166, 
173, 
167, 
158, 
162, 
161, 
159, 
198, 
156, 
157, 
156, 
172, 
176, 
209, 
308, 
150, 
153, 
161, 
148, 
156, 
149, 
168, 
193, 
184, 
158, 
160, 
157, 
159, 
164, 
157, 
217, 
215, 
159, 
164, 
161, 
161, 
197, 
158, 
186, 
155, 
156, 
159, 
160, 
158, 
187, 
190, 
159, 
162, 
165, 
164, 
156, 
159, 
221, 
175, 
160, 
156, 
160, 
157, 
165, 
164, 
207, 
155, 
160, 
159, 
157, 
159, 
157, 
186, 
165, 
154, 
166, 
162, 
168, 
155, 
158, 
158, 
155, 
159, 
163, 
157, 
157, 
179, 
163, 
204, 
155, 
156, 
156, 
155, 
157, 
220, 
153, 
155, 
165, 
164, 
158, 
157, 
155, 
192, 
158, 
167, 
157, 
158, 
165, 
176, 
161, 
191, 
162, 
158, 
161, 
162, 
174, 
157, 
162, 
191, 
155, 
158, 
158, 
160, 
165, 
159, 
164, 
293, 
160, 
165, 
173, 
159, 
153, 
157, 
160, 
216, 
173, 
163, 
157, 
170, 
184, 
203, 
162, 
163, 
164, 
159, 
156, 
159, 
157, 
241, 
169, 
158, 
159, 
158, 
162, 
157, 
158, 
163, 
165, 
228, 
158, 
158, 
154, 
160, 
157, 
158, 
157, 
167, 
165, 
161, 
170, 
155, 
158, 
189, 
163, 
166, 
183, 
181, 
161, 
158, 
157, 
159, 
162, 
157, 
159, 
173, 
154, 
162, 
163, 
178, 
155, 
166, 
166, 
169, 
187, 
162, 
157, 
155, 
157, 
190, 
249, 
164, 
157, 
202, 
156, 
172, 
156, 
159, 
158, 
161, 
161, 
161, 
159, 
157, 
173, 
154, 
158, 
159, 
163, 
205, 
158, 
169, 
157, 
161, 
158, 
165, 
159, 
155, 
160, 
156, 
158, 
158, 
157, 
156, 
170, 
156, 
157, 
154, 
162, 
158, 
158, 
254, 
156, 
156, 
166, 
156, 
161, 
177, 
158, 
180, 
212, 
163, 
157, 
169, 
167, 
176, 
159, 
147, 
146, 
163, 
154, 
148, 
211, 
145, 
201, 
153, 
168, 
151, 
175, 
158, 
150, 
158, 
149, 
152, 
148, 
151, 
145, 
145, 
158, 
154, 
170, 
157, 
156, 
157, 
159, 
162, 
158, 
160, 
156, 
234, 
170, 
161, 
156, 
152, 
172, 
187, 
170, 
160, 
159, 
162, 
156, 
171, 
162, 
152, 
157, 
161, 
159, 
160, 
181, 
158, 
205, 
159, 
160, 
156, 
155, 
158, 
164, 
157, 
154, 
160, 
156, 
156, 
250, 
172, 
160, 
158, 
206, 
161, 
159, 
163, 
164, 
157, 
153, 
156, 
166, 
167, 
160, 
172, 
161, 
152, 
157, 
157, 
168, 
155, 
162, 
155, 
191, 
159, 
159, 
160, 
155, 
161, 
157, 
173, 
167, 
154, 
162, 
199, 
160, 
153, 
155, 
173, 
159, 
154, 
153, 
162, 
158, 
161, 
159, 
180, 
160, 
208, 
153, 
154, 
156, 
160, 
180, 
159, 
160, 
204, 
159, 
171, 
157, 
154, 
159, 
152, 
148, 
235, 
148, 
157, 
147, 
149, 
154, 
164, 
161, 
161, 
157, 
156, 
156, 
160, 
164, 
210, 
160, 
220, 
157, 
157, 
156, 
160, 
158, 
170, 
154, 
159, 
157, 
152, 
215, 
168, 
154, 
191, 
159, 
161, 
156, 
157, 
163, 
208, 
155, 
159, 
154, 
158, 
162, 
177, 
158, 
147, 
193, 
165, 
152, 
146, 
147, 
151, 
153, 
162, 
159, 
157, 
170, 
196, 
153, 
165, 
159, 
155, 
211, 
180, 
157, 
163, 
169, 
155, 
145, 
148, 
157, 
154, 
150, 
148, 
147, 
152, 
192, 
158, 
158, 
155, 
161, 
154, 
171, 
163, 
163, 
174, 
159, 
165, 
156, 
159, 
161, 
155, 
203, 
158, 
164, 
156, 
163, 
156, 
207, 
161, 
162, 
157, 
157, 
166, 
158, 
152, 
161, 
158, 
177, 
157, 
156, 
163, 
168, 
163, 
147, 
158, 
147, 
151, 
242, 
146, 
159, 
150, 
159, 
161, 
154, 
155, 
157, 
157, 
158, 
161, 
159, 
158, 
155, 
157, 
160, 
159, 
177, 
180, 
248, 
153, 
149, 
146, 
156, 
149, 
148, 
161, 
164, 
156, 
161, 
156, 
157, 
160, 
160, 
195, 
156, 
156, 
163, 
170, 
158, 
155, 
153, 
155, 
164, 
151, 
150, 
172, 
154, 
149, 
157, 
193, 
158, 
155, 
177, 
158, 
224, 
159, 
152, 
167, 
159, 
157, 
166, 
157, 
162, 
160, 
154, 
155, 
158, 
170, 
155, 
162, 
154, 
156, 
160, 
154, 
155, 
154, 
153, 
165, 
187, 
218, 
156, 
177, 
154, 
167, 
170, 
166, 
155, 
156, 
161, 
156, 
164, 
174, 
216, 
168, 
155, 
165, 
158, 
163, 
156, 
330, 
159, 
157, 
177, 
255, 
158, 
160, 
205, 
170, 
213, 
152, 
151, 
185, 
148, 
151, 
147, 
150, 
169, 
169, 
156, 
185, 
179, 
163, 
158, 
176, 
158, 
169, 
157, 
174, 
176, 
175, 
159, 
166, 
147, 
148, 
163, 
202, 
151, 
160, 
147, 
215, 
157, 
155, 
156, 
181, 
154, 
162, 
159, 
160, 
158, 
155, 
159, 
176, 
171, 
160, 
149, 
158, 
157, 
158, 
156, 
158, 
154, 
158, 
158, 
157, 
160, 
158, 
165, 
206, 
160, 
157, 
163, 
166, 
162, 
192, 
162, 
155, 
158, 
145, 
153, 
149, 
155, 
152, 
157, 
148, 
147, 
156, 
169, 
163, 
158, 
189, 
158, 
154, 
155, 
165, 
164, 
160, 
171, 
163, 
154, 
162, 
220, 
149, 
151, 
149, 
189, 
151, 
147, 
148, 
159, 
161, 
160, 
158, 
177, 
155, 
166, 
154, 
161, 
155, 
157, 
166, 
175, 
162, 
155, 
149, 
147, 
155, 
153, 
154, 
213, 
147, 
157, 
157, 
154, 
157, 
192, 
200, 
172, 
158, 
156, 
159, 
155, 
170, 
180, 
156, 
153, 
174, 
153, 
155, 
162, 
156, 
157, 
154, 
163, 
160, 
160, 
156, 
156, 
154, 
162, 
160, 
155, 
157, 
156, 
163, 
159, 
157, 
160, 
161, 
157, 
158, 
159, 
156, 
157, 
189, 
155, 
163, 
154, 
155, 
155, 
162, 
167, 
205, 
169, 
209, 
161, 
165, 
158, 
155, 
157, 
159, 
156, 
156, 
147, 
153, 
157, 
168, 
151, 
151, 
153, 
148, 
155, 
175, 
167, 
157, 
165, 
194, 
167, 
157, 
165, 
161, 
159, 
158, 
161, 
153, 
158, 
155, 
161, 
158, 
153, 
158, 
193, 
159, 
157, 
157, 
158, 
223, 
282, 
160, 
154, 
168, 
163, 
156, 
201, 
162, 
159, 
197, 
173, 
162, 
157, 
162, 
156, 
162, 
159, 
158, 
183, 
156, 
155, 
157, 
155, 
155, 
159, 
195, 
157, 
158, 
155, 
167, 
162, 
155, 
154, 
161, 
153, 
159, 
166, 
160, 
157, 
167, 
214, 
155, 
154, 
164, 
153, 
156, 
156, 
158, 
156, 
155, 
158, 
155, 
157, 
158, 
164, 
154, 
156, 
161, 
153, 
150, 
147, 
149, 
152, 
152, 
147, 
146, 
155, 
156, 
158, 
157, 
262, 
159, 
161, 
162, 
157, 
156, 
156, 
164, 
158, 
154, 
154, 
148, 
146, 
147, 
155, 
155, 
199, 
177, 
147, 
168, 
180, 
171, 
154, 
153, 
173, 
156, 
158, 
170, 
154, 
163, 
155, 
238, 
167, 
154, 
161, 
154, 
157, 
155, 
155, 
156, 
159, 
156, 
162, 
159, 
157, 
159, 
155, 
288, 
155, 
171, 
165, 
169, 
163, 
163, 
162, 
167, 
165, 
157, 
158, 
162, 
157, 
207, 
156, 
158, 
167, 
154, 
156, 
154, 
162, 
156, 
150, 
149, 
151, 
151, 
157, 
155, 
149, 
205, 
153, 
146, 
148, 
152, 
148, 
153, 
146, 
159, 
155, 
152, 
165, 
158, 
156, 
161, 
171, 
157, 
159, 
156, 
158, 
158, 
156, 
159, 
158, 
170, 
158, 
158, 
151, 
163, 
152, 
151, 
170, 
155, 
192, 
162, 
150, 
148, 
146, 
148, 
149, 
147, 
150, 
146, 
155, 
163, 
156, 
155, 
178, 
158, 
157, 
159, 
158, 
164, 
156, 
160, 
157, 
155, 
166, 
156, 
154, 
156, 
173, 
153, 
162, 
155, 
157, 
167, 
169, 
156, 
166, 
156, 
156, 
163, 
169, 
166, 
164, 
159, 
173, 
159, 
163, 
155, 
153, 
157, 
158, 
158, 
158, 
161, 
157, 
165, 
154, 
155, 
157, 
197, 
159, 
166, 
162, 
159, 
159, 
169, 
156, 
158, 
156, 
159, 
159, 
154, 
157, 
156, 
155, 
209, 
175, 
154, 
157, 
157, 
155, 
154, 
157, 
166, 
156, 
155, 
152, 
149, 
148, 
177, 
152, 
216, 
162, 
163, 
158, 
155, 
161, 
165, 
157, 
158, 
161, 
178, 
156, 
173, 
158, 
166, 
155, 
165, 
162, 
149, 
162, 
147, 
148, 
150, 
153, 
148, 
150, 
157, 
156, 
158, 
190, 
161, 
155, 
164, 
178, 
157, 
156, 
157, 
163, 
170, 
160, 
168, 
162, 
175, 
176, 
157, 
163, 
206, 
166, 
162, 
157, 
175, 
167, 
160, 
160, 
168, 
164, 
170, 
156, 
160, 
235, 
149, 
147, 
152, 
154, 
161, 
152, 
158, 
168, 
159, 
156, 
161, 
167, 
156, 
157, 
158, 
191, 
157, 
161, 
158, 
156, 
155, 
156, 
159, 
157, 
166, 
155, 
162, 
155, 
163, 
154, 
172, 
248, 
163, 
157, 
160, 
164, 
155, 
165, 
155, 
163, 
157, 
176, 
157, 
157, 
160, 
175, 
164, 
155, 
168, 
165, 
160, 
156, 
158, 
164, 
161, 
160, 
165, 
157, 
169, 
157, 
207, 
153, 
154, 
169, 
166, 
157, 
160, 
170, 
170, 
159, 
154, 
160, 
165, 
169, 
159, 
212, 
161, 
160, 
160, 
155, 
157, 
156, 
155, 
162, 
159, 
155, 
155, 
159, 
174, 
166, 
159, 
160, 
200, 
159, 
162, 
211, 
148, 
153, 
148, 
149, 
148, 
148, 
148, 
179, 
161, 
157, 
159, 
174, 
153, 
161, 
160, 
153, 
215, 
155, 
163, 
157, 
158, 
159, 
157, 
171, 
176, 
168, 
199, 
169, 
187, 
170, 
162, 
172, 
153, 
158, 
162, 
157, 
218, 
157, 
158, 
153, 
171, 
249, 
153, 
159, 
163, 
152, 
166, 
160, 
155, 
159, 
156, 
163, 
157, 
156, 
155, 
161, 
233, 
204, 
156, 
168, 
157, 
158, 
167, 
159, 
158, 
158, 
158, 
167, 
159, 
151, 
160, 
199, 
147, 
155, 
147, 
156, 
158, 
155, 
155, 
162, 
157, 
154, 
154, 
153, 
152, 
148, 
146, 
149, 
180, 
151, 
146, 
154, 
156, 
155, 
159, 
154, 
154, 
214, 
157, 
155, 
163, 
176, 
224, 
158, 
160, 
171, 
157, 
166, 
156, 
168, 
154, 
157, 
155, 
163, 
151, 
226, 
175, 
231, 
148, 
165, 
146, 
150, 
155, 
153, 
157, 
156, 
160, 
158, 
167, 
167, 
157, 
160, 
184, 
154, 
155, 
154, 
163, 
158, 
159, 
149, 
151, 
147, 
147, 
151, 
148, 
154, 
156, 
155, 
186, 
159, 
158, 
173, 
159, 
155, 
161, 
158, 
157, 
158, 
170, 
154, 
158, 
171, 
178, 
175, 
163, 
155, 
158, 
155, 
157, 
163, 
157, 
163, 
154, 
155, 
164, 
152, 
176, 
164, 
158, 
187, 
160, 
153, 
162, 
163, 
145, 
150, 
147, 
154, 
147, 
156, 
150, 
160, 
160, 
161, 
163, 
177, 
155, 
156, 
241, 
157, 
156, 
156, 
160, 
154, 
156, 
164, 
230, 
185, 
155, 
208, 
155, 
161, 
160, 
159, 
163, 
160, 
158, 
156, 
205, 
158, 
162, 
156, 
159, 
156, 
155, 
189, 
152, 
157, 
171, 
152, 
149, 
151, 
147, 
151, 
153, 
152, 
151, 
156, 
158, 
159, 
183, 
162, 
157, 
156, 
159, 
310, 
299, 
154, 
163, 
160, 
156, 
174, 
149, 
148, 
148, 
218, 
154, 
159, 
152, 
174, 
157, 
159, 
156, 
157, 
151, 
150, 
152, 
151, 
147, 
153, 
179, 
152, 
155, 
170, 
158, 
195, 
155, 
148, 
147, 
152, 
152, 
160, 
148, 
156, 
157, 
160, 
176, 
159, 
164, 
155, 
183, 
160, 
159, 
157, 
165, 
153, 
248, 
186, 
158, 
160, 
197, 
159, 
158, 
155, 
161, 
157, 
156, 
158, 
160, 
159, 
157, 
160, 
160, 
168, 
158, 
159, 
196, 
156, 
172, 
156, 
210, 
150, 
149, 
148, 
148, 
148, 
149, 
152, 
149, 
155, 
157, 
167, 
160, 
158, 
157, 
167, 
161, 
156, 
167, 
160, 
172, 
161, 
168, 
154, 
159, 
162, 
184, 
169, 
154, 
178, 
158, 
157, 
157, 
156, 
159, 
157, 
164, 
185, 
158, 
154, 
158, 
201, 
169, 
156, 
161, 
179, 
157, 
153, 
155, 
158, 
151, 
148, 
148, 
148, 
149, 
154, 
160, 
186, 
163, 
159, 
156, 
157, 
158, 
161, 
157, 
157, 
183, 
167, 
163, 
163, 
160, 
159, 
156, 
198, 
156, 
179, 
159, 
156, 
158, 
162, 
159, 
157, 
209, 
178, 
163, 
154, 
158, 
183, 
159, 
157, 
171, 
162, 
157, 
175, 
156, 
160, 
164, 
175, 
155, 
157, 
160, 
170, 
187, 
192, 
160, 
157, 
163, 
155, 
156, 
159, 
157, 
157, 
156, 
168, 
157, 
161, 
156, 
157, 
176, 
158, 
159, 
159, 
173, 
161, 
164, 
148, 
154, 
153, 
150, 
179, 
152, 
152, 
153, 
160, 
203, 
158, 
161, 
159, 
161, 
160, 
156, 
160, 
174, 
156, 
157, 
162, 
159, 
165, 
187, 
157, 
162, 
157, 
160, 
160, 
164, 
159, 
155, 
155, 
165, 
157, 
156, 
158, 
160, 
159, 
157, 
165, 
155, 
162, 
159, 
158, 
158, 
171, 
158, 
157, 
161, 
158, 
156, 
154, 
157, 
158, 
159, 
156, 
159, 
168, 
174, 
148, 
150, 
148, 
150, 
153, 
147, 
159, 
149, 
155, 
171, 
277, 
161, 
155, 
154, 
157, 
157, 
183, 
159, 
161, 
157, 
158, 
159, 
159, 
149, 
217, 
151, 
156, 
153, 
148, 
148, 
148, 
155, 
156, 
156, 
155, 
169, 
154, 
157, 
156, 
157, 
205, 
159, 
157, 
168, 
160, 
160, 
150, 
156, 
161, 
178, 
158, 
156, 
156, 
157, 
156, 
161, 
157, 
159, 
163, 
168, 
170, 
158, 
238, 
161, 
167, 
166, 
160, 
156, 
169, 
150, 
152, 
198, 
156, 
154, 
159, 
153, 
155, 
160, 
166, 
154, 
169, 
158, 
156, 
158, 
158, 
162, 
155, 
163, 
171, 
155, 
158, 
158, 
167, 
148, 
149, 
150, 
151, 
149, 
146, 
153, 
155, 
234, 
172, 
157, 
173, 
174, 
174, 
159, 
160, 
155, 
156, 
156, 
155, 
154, 
154, 
147, 
148, 
182, 
151, 
159, 
147, 
152, 
153, 
158, 
158, 
157, 
159, 
158, 
161, 
155, 
169, 
154, 
175, 
157, 
164, 
159, 
155, 
154, 
163, 
148, 
149, 
186, 
147, 
152, 
153, 
147, 
167, 
161, 
168, 
167, 
159, 
169, 
158, 
188, 
186, 
162, 
160, 
161, 
157, 
156, 
160, 
166, 
190, 
148, 
157, 
157, 
154, 
147, 
148, 
156, 
164, 
157, 
171, 
177, 
164, 
156, 
161, 
163, 
156, 
163, 
161, 
158, 
191, 
171, 
161, 
156, 
156, 
160, 
157, 
156, 
157, 
163, 
160, 
243, 
168, 
158, 
160, 
164, 
165, 
166, 
163, 
161, 
157, 
160, 
154, 
156, 
174, 
164, 
149, 
178, 
151, 
151, 
150, 
157, 
149, 
162, 
163, 
159, 
156, 
167, 
162, 
157, 
156, 
238, 
158, 
160, 
155, 
163, 
158, 
160, 
160, 
157, 
160, 
167, 
162, 
157, 
156, 
158, 
156, 
158, 
212, 
155, 
157, 
157, 
194, 
170, 
167, 
158, 
163, 
155, 
160, 
156, 
155, 
168, 
184, 
157, 
156, 
163, 
160, 
160, 
155, 
167, 
156, 
182, 
173, 
160, 
159, 
160, 
157, 
159, 
159, 
181, 
181, 
156, 
165, 
157, 
153, 
157, 
159, 
172, 
157, 
162, 
159, 
167, 
157, 
155, 
158, 
156, 
159, 
169, 
163, 
160, 
155, 
162, 
161, 
157, 
154, 
159, 
172, 
154, 
157, 
168, 
162, 
152, 
148, 
151, 
153, 
164, 
151, 
161, 
166, 
160, 
183, 
156, 
159, 
156, 
155, 
155, 
158, 
160, 
164, 
160, 
156, 
168, 
160, 
177, 
163, 
160, 
157, 
164, 
156, 
157, 
167, 
155, 
209, 
169, 
155, 
166, 
158, 
156, 
159, 
156, 
157, 
164, 
166, 
175, 
170, 
172, 
160, 
156, 
166, 
168, 
157, 
157, 
164, 
155, 
157, 
157, 
155, 
156, 
159, 
160, 
156, 
164, 
171, 
161, 
155, 
162, 
158, 
156, 
155, 
174, 
161, 
156, 
157, 
157, 
158, 
158, 
157, 
162, 
170, 
157, 
159, 
156, 
158, 
156, 
163, 
156, 
158, 
159, 
163, 
156, 
172, 
160, 
178, 
177, 
169, 
158, 
158, 
156, 
156, 
158, 
161, 
165, 
161, 
155, 
156, 
161, 
158, 
156, 
159, 
162, 
158, 
157, 
164, 
161, 
157, 
162, 
173, 
174, 
157, 
156, 
154, 
156, 
158, 
246, 
163, 
168, 
164, 
156, 
170, 
157, 
155, 
174, 
156, 
158, 
156, 
156, 
162, 
162, 
156, 
158, 
158, 
161, 
167, 
157, 
158, 
176, 
160, 
160, 
176, 
153, 
166, 
168, 
156, 
177, 
160, 
160, 
161, 
162, 
159, 
155, 
159, 
158, 
159, 
160, 
158, 
180, 
165, 
155, 
161, 
159, 
172, 
166, 
160, 
159, 
156, 
159, 
162, 
156, 
173, 
158, 
166, 
163, 
147, 
151, 
153, 
150, 
168, 
150, 
151, 
150, 
157, 
155, 
159, 
160, 
156, 
156, 
158, 
156, 
160, 
160, 
158, 
159, 
288, 
269, 
182, 
150, 
154, 
148, 
149, 
151, 
150, 
152, 
164, 
243, 
157, 
157, 
155, 
156, 
157, 
161, 
161, 
169, 
156, 
164, 
164, 
160, 
156, 
168, 
156, 
156, 
165, 
164, 
160, 
173, 
160, 
160, 
158, 
157, 
159, 
156, 
154, 
160, 
156, 
161, 
161, 
157, 
170, 
181, 
159, 
159, 
163, 
175, 
155, 
161, 
157, 
159, 
163, 
158, 
163, 
156, 
156, 
156, 
165, 
158, 
156, 
159, 
156, 
167, 
159, 
158, 
161, 
165, 
160, 
164, 
156, 
160, 
155, 
157, 
161, 
167, 
155, 
158, 
162, 
161, 
155, 
156, 
159, 
156, 
202, 
189, 
155, 
156, 
158, 
158, 
161, 
158, 
155, 
159, 
158, 
171, 
157, 
171, 
158, 
160, 
196, 
172, 
164, 
162, 
164, 
158, 
156, 
161, 
156, 
160, 
156, 
158, 
161, 
156, 
158, 
158, 
157, 
158, 
157, 
157, 
173, 
167, 
159, 
158, 
155, 
160, 
159, 
159, 
156, 
156, 
159, 
158, 
156, 
158, 
160, 
159, 
157, 
157, 
161, 
147, 
151, 
151, 
152, 
151, 
150, 
147, 
152, 
159, 
158, 
165, 
157, 
159, 
157, 
167, 
161, 
159, 
163, 
160, 
156, 
160, 
153, 
147, 
147, 
146, 
149, 
151, 
165, 
158, 
165, 
158, 
156, 
157, 
164, 
156, 
155, 
162, 
159, 
160, 
165, 
157, 
159, 
159, 
160, 
160, 
165, 
158, 
159, 
175, 
168, 
159, 
158, 
206, 
167, 
154, 
160, 
156, 
156, 
163, 
159, 
156, 
158, 
156, 
159, 
154, 
161, 
161, 
164, 
172, 
164, 
153, 
147, 
148, 
149, 
151, 
148, 
156, 
157, 
156, 
159, 
155, 
165, 
156, 
159, 
154, 
157, 
158, 
158, 
159, 
157, 
161, 
161, 
158, 
148, 
149, 
159, 
146, 
152, 
148, 
150, 
155, 
156, 
158, 
174, 
164, 
158, 
159, 
161, 
171, 
161, 
157, 
167, 
176, 
167, 
160, 
159, 
157, 
154, 
168, 
158, 
155, 
154, 
171, 
157, 
163, 
165, 
158, 
160, 
163, 
162, 
160, 
157, 
157, 
157, 
156, 
159, 
159, 
319, 
664, 
153, 
154, 
150, 
195, 
171, 
153, 
161, 
164, 
164, 
159, 
159, 
158, 
157, 
157, 
160, 
168, 
161, 
155, 
162, 
162, 
158, 
156, 
155, 
160, 
158, 
161, 
177, 
156, 
158, 
178, 
216, 
166, 
161, 
159, 
160, 
165, 
156, 
155, 
174, 
156, 
158, 
157, 
166, 
157, 
155, 
159, 
159, 
155, 
154, 
154, 
157, 
168, 
159, 
158, 
166, 
164, 
157, 
159, 
155, 
156, 
157, 
155, 
169, 
148, 
162, 
147, 
156, 
166, 
148, 
155, 
160, 
178, 
154, 
159, 
159, 
159, 
156, 
164, 
161, 
156, 
156, 
156, 
158, 
157, 
160, 
162, 
155, 
167, 
156, 
158, 
160, 
158, 
156, 
164, 
157, 
156, 
162, 
158, 
155, 
172, 
158, 
161, 
158, 
157, 
156, 
157, 
167, 
169, 
156, 
156, 
157, 
158, 
155, 
156, 
149, 
153, 
149, 
151, 
147, 
159, 
147, 
151, 
157, 
159, 
166, 
156, 
160, 
159, 
157, 
168, 
156, 
158, 
200, 
161, 
165, 
155, 
159, 
161, 
163, 
159, 
155, 
161, 
160, 
169, 
156, 
155, 
159, 
156, 
162, 
162, 
160, 
157, 
160, 
171, 
170, 
159, 
161, 
159, 
159, 
158, 
150, 
147, 
160, 
146, 
150, 
151, 
146, 
150, 
164, 
175, 
164, 
157, 
155, 
172, 
162, 
158, 
159, 
157, 
155, 
155, 
156, 
156, 
154, 
166, 
162, 
157, 
157, 
162, 
160, 
156, 
157, 
155, 
161, 
159, 
188, 
170, 
156, 
156, 
156, 
155, 
157, 
159, 
169, 
159, 
157, 
158, 
161, 
156, 
159, 
147, 
148, 
151, 
148, 
149, 
155, 
159, 
159, 
160, 
157, 
161, 
163, 
154, 
159, 
155, 
158, 
154, 
161, 
162, 
162, 
161, 
155, 
157, 
161, 
157, 
159, 
164, 
159, 
169, 
164, 
155, 
160, 
155, 
167, 
155, 
164, 
147, 
154, 
152, 
148, 
153, 
147, 
152, 
159, 
154, 
148, 
151, 
147, 
148, 
153, 
148, 
146, 
158, 
155, 
157, 
160, 
165, 
165, 
158, 
157, 
160, 
159, 
157, 
160, 
161, 
162, 
157, 
252, 
160, 
164, 
150, 
147, 
149, 
153, 
149, 
167, 
164, 
159, 
156, 
158, 
160, 
160, 
158, 
162, 
158, 
156, 
154, 
156, 
163, 
156, 
148, 
148, 
149, 
156, 
152, 
146, 
148, 
148, 
156, 
155, 
155, 
157, 
156, 
154, 
159, 
155, 
159, 
157, 
154, 
164, 
160, 
158, 
165, 
173, 
151, 
149, 
147, 
148, 
148, 
160, 
157, 
156, 
157, 
156, 
158, 
160, 
158, 
160, 
170, 
169, 
156, 
155, 
164, 
178, 
163, 
156, 
159, 
150, 
152, 
153, 
149, 
155, 
147, 
150, 
160, 
155, 
160, 
156, 
156, 
161, 
158, 
167, 
156, 
161, 
155, 
171, 
161, 
157, 
180, 
166, 
157, 
163, 
166, 
156, 
160, 
158, 
171, 
164, 
161, 
155, 
171, 
156, 
155, 
156, 
169, 
156, 
157, 
166, 
156, 
160, 
155, 
157, 
178, 
147, 
147, 
154, 
165, 
148, 
147, 
150, 
156, 
157, 
157, 
156, 
161, 
158, 
165, 
156, 
160, 
159, 
160, 
155, 
157, 
158, 
160, 
155, 
162, 
157, 
160, 
160, 
156, 
177, 
156, 
163, 
162, 
159, 
158, 
176, 
148, 
152, 
160, 
150, 
156, 
148, 
150, 
149, 
164, 
159, 
158, 
149, 
149, 
152, 
151, 
147, 
150, 
148, 
148, 
159, 
157, 
161, 
158, 
155, 
160, 
159, 
159, 
155, 
159, 
158, 
157, 
158, 
154, 
160, 
152, 
166, 
156, 
150, 
158, 
152, 
151, 
156, 
156, 
158, 
161, 
160, 
157, 
157, 
166, 
158, 
155, 
181, 
155, 
168, 
154, 
157, 
157, 
169, 
156, 
158, 
174, 
156, 
158, 
165, 
158, 
161, 
158, 
161, 
153, 
157, 
162, 
166, 
161, 
165, 
159, 
169, 
157, 
155, 
161, 
166, 
175, 
156, 
154, 
163, 
168, 
158, 
164, 
155, 
161, 
156, 
164, 
156, 
155, 
159, 
155, 
162, 
169, 
157, 
158, 
155, 
158, 
156, 
168, 
156, 
155, 
159, 
161, 
156, 
165, 
161, 
172, 
161, 
165, 
156, 
160, 
160, 
155, 
156, 
156, 
162, 
158, 
161, 
164, 
165, 
156, 
159, 
160, 
155, 
171, 
170, 
157, 
158, 
156, 
158, 
159, 
157, 
156, 
176, 
158, 
154, 
158, 
161, 
158, 
158, 
155, 
163, 
160, 
159, 
177, 
156, 
153, 
149, 
198, 
155, 
154, 
151, 
148, 
164, 
163, 
158, 
164, 
157, 
154, 
159, 
156, 
161, 
155, 
155, 
164, 
157, 
158, 
157, 
156, 
161, 
162, 
160, 
158, 
157, 
155, 
155, 
165, 
160, 
150, 
159, 
151, 
150, 
155, 
156, 
148, 
148, 
160, 
169, 
159, 
161, 
175, 
159, 
159, 
154, 
155, 
154, 
153, 
153, 
156, 
148, 
157, 
158, 
160, 
161, 
162, 
161, 
158, 
155, 
162, 
160, 
165, 
159, 
160, 
168, 
156, 
153, 
163, 
157, 
156, 
158, 
158, 
157, 
156, 
161, 
156, 
199, 
164, 
158, 
162, 
156, 
159, 
163, 
155, 
157, 
157, 
165, 
157, 
161, 
156, 
162, 
166, 
168, 
164, 
157, 
156, 
160, 
169, 
158, 
170, 
152, 
160, 
157, 
164, 
160, 
158, 
157, 
158, 
157, 
155, 
157, 
160, 
153, 
158, 
168, 
165, 
156, 
158, 
156, 
167, 
171, 
160, 
159, 
167, 
156, 
162, 
157, 
184, 
168, 
161, 
157, 
156, 
162, 
157, 
155, 
166, 
168, 
157, 
157, 
157, 
163, 
157, 
161, 
156, 
157, 
163, 
158, 
157, 
157, 
202, 
225, 
157, 
176, 
159, 
160, 
157, 
163, 
154, 
148, 
150, 
152, 
151, 
155, 
148, 
150, 
152, 
171, 
156, 
162, 
158, 
157, 
155, 
158, 
168, 
159, 
161, 
162, 
164, 
160, 
158, 
166, 
164, 
154, 
150, 
176, 
150, 
160, 
149, 
153, 
156, 
171, 
158, 
158, 
158, 
163, 
160, 
164, 
159, 
156, 
156, 
156, 
156, 
163, 
159, 
158, 
160, 
160, 
158, 
161, 
213, 
157, 
150, 
150, 
151, 
159, 
149, 
160, 
154, 
153, 
161, 
170, 
159, 
156, 
157, 
167, 
163, 
157, 
161, 
159, 
158, 
155, 
166, 
157, 
156, 
158, 
159, 
158, 
170, 
157, 
159, 
156, 
157, 
161, 
154, 
163, 
157, 
160, 
159, 
166, 
161, 
160, 
152, 
153, 
152, 
152, 
148, 
159, 
149, 
151, 
158, 
162, 
157, 
156, 
171, 
157, 
163, 
155, 
157, 
164, 
166, 
182, 
157, 
159, 
155, 
153, 
165, 
154, 
147, 
147, 
146, 
148, 
158, 
159, 
169, 
158, 
160, 
164, 
158, 
158, 
156, 
174, 
171, 
155, 
160, 
161, 
165, 
156, 
159, 
148, 
149, 
153, 
154, 
160, 
150, 
149, 
164, 
165, 
161, 
160, 
158, 
158, 
175, 
157, 
161, 
159, 
160, 
164, 
156, 
159, 
156, 
185, 
148, 
160, 
147, 
152, 
153, 
151, 
151, 
158, 
161, 
159, 
192, 
155, 
162, 
158, 
154, 
160, 
157, 
158, 
161, 
156, 
161, 
155, 
158, 
159, 
155, 
157, 
159, 
165, 
159, 
155, 
160, 
156, 
158, 
158, 
156, 
155, 
163, 
158, 
175, 
160, 
163, 
155, 
158, 
156, 
159, 
162, 
146, 
148, 
149, 
148, 
151, 
153, 
147, 
161, 
158, 
156, 
163, 
160, 
157, 
155, 
161, 
158, 
157, 
165, 
162, 
161, 
158, 
157, 
160, 
162, 
158, 
155, 
154, 
150, 
149, 
154, 
158, 
155, 
154, 
152, 
161, 
156, 
164, 
162, 
158, 
165, 
158, 
156, 
158, 
156, 
159, 
155, 
167, 
154, 
156, 
157, 
158, 
163, 
158, 
159, 
157, 
161, 
232, 
175, 
165, 
156, 
160, 
158, 
164, 
159, 
158, 
157, 
160, 
161, 
155, 
148, 
149, 
147, 
148, 
147, 
163, 
148, 
148, 
158, 
159, 
155, 
156, 
159, 
158, 
158, 
157, 
156, 
159, 
163, 
163, 
157, 
167, 
166, 
168, 
157, 
172, 
166, 
166, 
162, 
155, 
168, 
161, 
158, 
158, 
157, 
156, 
157, 
158, 
156, 
156, 
156, 
155, 
169, 
158, 
167, 
158, 
175, 
161, 
158, 
152, 
188, 
156, 
163, 
154, 
156, 
163, 
167, 
165, 
156, 
155, 
163, 
166, 
160, 
160, 
167, 
157, 
159, 
161, 
164, 
162, 
157, 
161, 
155, 
158, 
154, 
164, 
159, 
164, 
190, 
195, 
153, 
158, 
159, 
160, 
157, 
156, 
159, 
159, 
157, 
166, 
161, 
157, 
155, 
160, 
172, 
157, 
156, 
158, 
157, 
158, 
161, 
159, 
157, 
156, 
159, 
174, 
160, 
157, 
155, 
160, 
158, 
166, 
171, 
157, 
162, 
153, 
151, 
151, 
147, 
153, 
154, 
152, 
149, 
156, 
158, 
158, 
173, 
224, 
269, 
210, 
294, 
256, 
164, 
156, 
157, 
165, 
160, 
157, 
160, 
153, 
151, 
153, 
161, 
155, 
156, 
148, 
157, 
159, 
166, 
158, 
158, 
161, 
157, 
165, 
157, 
155, 
155, 
154, 
168, 
160, 
169, 
160, 
162, 
156, 
179, 
156, 
155, 
158, 
211, 
155, 
161, 
159, 
163, 
159, 
159, 
158, 
159, 
170, 
156, 
157, 
200, 
159, 
157, 
160, 
148, 
155, 
158, 
149, 
152, 
149, 
153, 
293, 
172, 
156, 
161, 
162, 
363, 
160, 
160, 
158, 
214, 
159, 
212, 
187, 
200, 
158, 
207, 
150, 
149, 
170, 
156, 
179, 
185, 
196, 
154, 
185, 
161, 
197, 
196, 
178, 
177, 
211, 
209, 
207, 
200, 
160, 
171, 
160, 
155, 
195, 
202, 
174, 
168, 
161, 
158, 
159, 
161, 
156, 
170, 
178, 
168, 
160, 
159, 
156, 
159, 
171, 
206, 
158, 
158, 
160, 
176, 
157, 
161, 
202, 
152, 
147, 
153, 
202, 
168, 
173, 
164, 
159, 
163, 
172, 
158, 
162, 
163, 
163, 
162, 
161, 
158, 
156, 
160, 
163, 
165, 
160, 
161, 
174, 
161, 
160, 
178, 
167, 
157, 
156, 
157, 
162, 
161, 
160, 
158, 
160, 
162, 
156, 
170, 
156, 
164, 
156, 
164, 
151, 
174, 
156, 
165, 
161, 
158, 
161, 
159, 
159, 
170, 
156, 
162, 
159, 
156, 
161, 
161, 
166, 
157, 
155, 
157, 
157, 
148, 
152, 
154, 
167, 
151, 
152, 
163, 
150, 
159, 
163, 
159, 
159, 
158, 
155, 
156, 
159, 
162, 
179, 
157, 
164, 
159, 
158, 
154, 
157, 
157, 
156, 
158, 
155, 
155, 
158, 
166, 
161, 
156, 
163, 
159, 
159, 
164, 
155, 
155, 
160, 
157, 
156, 
168, 
157, 
171, 
158, 
162, 
157, 
166, 
163, 
161, 
156, 
154, 
157, 
159, 
160, 
157, 
159, 
171, 
158, 
155, 
162, 
163, 
161, 
158, 
161, 
157, 
158, 
168, 
163, 
159, 
158, 
158, 
162, 
160, 
156, 
155, 
157, 
160, 
157, 
166, 
167, 
154, 
163, 
157, 
172, 
157, 
163, 
157, 
160, 
159, 
160, 
158, 
159, 
164, 
147, 
149, 
151, 
149, 
153, 
147, 
148, 
148, 
156, 
155, 
177, 
167, 
162, 
159, 
162, 
154, 
156, 
156, 
155, 
157, 
156, 
163, 
156, 
150, 
151, 
153, 
164, 
172, 
151, 
148, 
157, 
157, 
158, 
155, 
158, 
160, 
158, 
157, 
159, 
163, 
160, 
157, 
167, 
173, 
155, 
160, 
155, 
150, 
149, 
149, 
150, 
161, 
151, 
148, 
169, 
161, 
164, 
156, 
160, 
156, 
155, 
161, 
160, 
161, 
158, 
158, 
160, 
156, 
161, 
162, 
160, 
158, 
158, 
158, 
163, 
156, 
156, 
157, 
155, 
158, 
157, 
156, 
158, 
155, 
166, 
159, 
160, 
154, 
149, 
164, 
164, 
158, 
157, 
149, 
150, 
168, 
167, 
157, 
156, 
161, 
159, 
156, 
169, 
156, 
170, 
160, 
160, 
156, 
158, 
158, 
170, 
169, 
167, 
158, 
157, 
158, 
158, 
154, 
161, 
159, 
159, 
165, 
161, 
166, 
163, 
159, 
158, 
160, 
158, 
162, 
159, 
160, 
198, 
158, 
162, 
159, 
155, 
155, 
159, 
158, 
160, 
159, 
155, 
154, 
159, 
157, 
159, 
158, 
160, 
160, 
180, 
159, 
159, 
173, 
157, 
156, 
157, 
157, 
160, 
159, 
159, 
156, 
155, 
153, 
166, 
162, 
157, 
163, 
155, 
155, 
159, 
157, 
158, 
157, 
156, 
163, 
156, 
155, 
166, 
155, 
159, 
161, 
161, 
157, 
152, 
156, 
156, 
160, 
160, 
162, 
160, 
156, 
162, 
158, 
161, 
155, 
160, 
163, 
157, 
161, 
161, 
155, 
158, 
161, 
155, 
156, 
155, 
165, 
204, 
161, 
150, 
153, 
147, 
147, 
149, 
154, 
163, 
159, 
162, 
156, 
157, 
155, 
156, 
157, 
156, 
158, 
156, 
156, 
156, 
157, 
163, 
154, 
157, 
153, 
161, 
158, 
157, 
157, 
159, 
156, 
157, 
158, 
156, 
174, 
160, 
160, 
158, 
159, 
161, 
159, 
157, 
161, 
159, 
158, 
163, 
175, 
159, 
161, 
159, 
160, 
159, 
158, 
157, 
181, 
162, 
158, 
160, 
160, 
160, 
156, 
149, 
146, 
150, 
149, 
148, 
150, 
148, 
161, 
158, 
154, 
166, 
157, 
157, 
159, 
158, 
160, 
161, 
157, 
156, 
158, 
165, 
158, 
162, 
163, 
156, 
163, 
210, 
163, 
157, 
172, 
156, 
170, 
159, 
157, 
154, 
160, 
155, 
159, 
156, 
159, 
169, 
167, 
159, 
158, 
162, 
158, 
167, 
160, 
157, 
164, 
158, 
159, 
156, 
161, 
161, 
156, 
159, 
156, 
157, 
157, 
159, 
155, 
164, 
164, 
158, 
159, 
174, 
191, 
168, 
162, 
157, 
166, 
155, 
158, 
161, 
154, 
163, 
159, 
158, 
164, 
155, 
160, 
160, 
161, 
158, 
169, 
153, 
157, 
167, 
165, 
155, 
159, 
156, 
173, 
163, 
159, 
159, 
157, 
173, 
156, 
161, 
156, 
169, 
159, 
159, 
154, 
158, 
159, 
207, 
162, 
156, 
160, 
163, 
157, 
165, 
158, 
154, 
155, 
160, 
168, 
204, 
169, 
156, 
156, 
172, 
162, 
157, 
156, 
200, 
164, 
159, 
156, 
159, 
161, 
160, 
159, 
157, 
162, 
156, 
157, 
157, 
157, 
159, 
159, 
165, 
159, 
160, 
159, 
159, 
158, 
161, 
160, 
157, 
158, 
158, 
171, 
160, 
159, 
159, 
157, 
162, 
158, 
168, 
160, 
164, 
160, 
157, 
157, 
153, 
161, 
156, 
169, 
158, 
160, 
169, 
157, 
156, 
158, 
155, 
156, 
157, 
149, 
160, 
147, 
155, 
158, 
157, 
148, 
149, 
159, 
156, 
158, 
153, 
151, 
149, 
151, 
150, 
149, 
149, 
150, 
162, 
157, 
168, 
157, 
158, 
156, 
160, 
159, 
159, 
166, 
161, 
161, 
182, 
159, 
167, 
150, 
150, 
148, 
147, 
172, 
150, 
149, 
148, 
159, 
158, 
159, 
160, 
161, 
186, 
157, 
157, 
168, 
163, 
158, 
157, 
160, 
156, 
159, 
154, 
147, 
150, 
153, 
149, 
150, 
149, 
171, 
156, 
163, 
156, 
161, 
156, 
166, 
163, 
167, 
170, 
166, 
161, 
159, 
160, 
159, 
161, 
173, 
149, 
150, 
149, 
148, 
147, 
156, 
151, 
161, 
164, 
167, 
164, 
157, 
158, 
155, 
164, 
156, 
161, 
161, 
158, 
167, 
171, 
160, 
170, 
160, 
157, 
162, 
158, 
161, 
160, 
159, 
158, 
155, 
158, 
162, 
158, 
162, 
160, 
158, 
155, 
168, 
176, 
168, 
161, 
159, 
172, 
161, 
164, 
162, 
161, 
157, 
160, 
172, 
157, 
158, 
175, 
154, 
157, 
163, 
159, 
155, 
154, 
156, 
156, 
162, 
157, 
157, 
158, 
157, 
158, 
158, 
174, 
158, 
156, 
164, 
157, 
164, 
159, 
161, 
159, 
155, 
158, 
171, 
157, 
161, 
156, 
166, 
156, 
156, 
159, 
161, 
157, 
160, 
157, 
156, 
159, 
159, 
157, 
161, 
159, 
165, 
169, 
151, 
154, 
157, 
149, 
153, 
154, 
149, 
153, 
159, 
157, 
173, 
161, 
160, 
157, 
156, 
160, 
149, 
150, 
154, 
156, 
149, 
148, 
170, 
159, 
159, 
162, 
167, 
156, 
160, 
212, 
162, 
165, 
169, 
159, 
155, 
157, 
158, 
157, 
151, 
149, 
152, 
150, 
149, 
147, 
149, 
164, 
156, 
153, 
156, 
156, 
162, 
163, 
165, 
169, 
162, 
159, 
158, 
155, 
157, 
155, 
157, 
159, 
165, 
159, 
168, 
161, 
166, 
155, 
167, 
161, 
161, 
165, 
167, 
160, 
157, 
157, 
155, 
162, 
155, 
179, 
164, 
157, 
157, 
149, 
148, 
152, 
149, 
148, 
150, 
150, 
159, 
159, 
171, 
161, 
163, 
162, 
167, 
161, 
169, 
155, 
161, 
165, 
154, 
156, 
162, 
155, 
148, 
154, 
158, 
150, 
152, 
147, 
148, 
148, 
154, 
166, 
161, 
158, 
163, 
162, 
201, 
167, 
164, 
169, 
156, 
158, 
164, 
159, 
161, 
164, 
175, 
155, 
160, 
173, 
162, 
159, 
163, 
155, 
158, 
166, 
157, 
156, 
160, 
157, 
158, 
165, 
154, 
158, 
159, 
164, 
158, 
159, 
159, 
164, 
154, 
157, 
157, 
149, 
153, 
156, 
156, 
160, 
158, 
155, 
156, 
152, 
171, 
168, 
161, 
172, 
169, 
166, 
164, 
155, 
158, 
158, 
159, 
165, 
155, 
158, 
161, 
153, 
153, 
152, 
151, 
148, 
151, 
147, 
149, 
152, 
162, 
164, 
161, 
168, 
176, 
158, 
164, 
155, 
175, 
161, 
157, 
177, 
159, 
161, 
166, 
167, 
157, 
164, 
159, 
155, 
160, 
165, 
169, 
153, 
166, 
157, 
158, 
164, 
157, 
157, 
161, 
157, 
148, 
153, 
152, 
148, 
148, 
152, 
155, 
149, 
171, 
161, 
157, 
161, 
155, 
186, 
159, 
156, 
155, 
156, 
156, 
162, 
160, 
159, 
160, 
149, 
150, 
146, 
149, 
150, 
150, 
147, 
149, 
160, 
157, 
154, 
159, 
160, 
155, 
164, 
157, 
179, 
155, 
156, 
157, 
159, 
175, 
165, 
165, 
155, 
166, 
159, 
162, 
159, 
157, 
156, 
159, 
159, 
163, 
157, 
158, 
161, 
156, 
160, 
158, 
160, 
161, 
165, 
156, 
174, 
161, 
152, 
149, 
156, 
151, 
158, 
169, 
159, 
151, 
157, 
156, 
163, 
209, 
164, 
156, 
148, 
148, 
151, 
152, 
148, 
150, 
147, 
157, 
161, 
158, 
162, 
161, 
156, 
158, 
170, 
167, 
157, 
165, 
159, 
160, 
167, 
157, 
161, 
164, 
158, 
162, 
160, 
160, 
162, 
161, 
155, 
160, 
176, 
177, 
157, 
158, 
155, 
159, 
160, 
170, 
158, 
160, 
155, 
160, 
158, 
162, 
158, 
160, 
160, 
160, 
163, 
157, 
187, 
155, 
163, 
158, 
148, 
148, 
153, 
158, 
149, 
151, 
149, 
170, 
160, 
160, 
164, 
164, 
158, 
157, 
156, 
160, 
154, 
264, 
155, 
162, 
165, 
164, 
159, 
166, 
159, 
154, 
159, 
157, 
163, 
161, 
159, 
159, 
157, 
161, 
166, 
157, 
162, 
152, 
158, 
161, 
155, 
158, 
160, 
155, 
156, 
158, 
162, 
161, 
156, 
159, 
161, 
160, 
157, 
162, 
157, 
163, 
160, 
157, 
171, 
157, 
158, 
160, 
158, 
158, 
159, 
157, 
157, 
158, 
159, 
165, 
160, 
171, 
158, 
157, 
157, 
156, 
161, 
155, 
171, 
156, 
156, 
157, 
167, 
163, 
161, 
155, 
157, 
162, 
154, 
158, 
164, 
155, 
147, 
147, 
156, 
148, 
153, 
148, 
152, 
162, 
156, 
158, 
159, 
157, 
158, 
162, 
163, 
158, 
158, 
157, 
159, 
160, 
157, 
156, 
157, 
158, 
168, 
159, 
157, 
189, 
157, 
158, 
171, 
248, 
170, 
166, 
163, 
164, 
160, 
157, 
158, 
160, 
159, 
157, 
163, 
161, 
168, 
160, 
153, 
151, 
152, 
153, 
150, 
150, 
148, 
148, 
166, 
161, 
167, 
160, 
166, 
156, 
157, 
155, 
164, 
154, 
162, 
152, 
155, 
155, 
166, 
147, 
150, 
148, 
147, 
153, 
156, 
147, 
151, 
164, 
166, 
159, 
161, 
172, 
164, 
160, 
213, 
156, 
157, 
164, 
158, 
157, 
157, 
156, 
156, 
151, 
149, 
149, 
150, 
152, 
147, 
152, 
148, 
165, 
157, 
160, 
157, 
157, 
155, 
161, 
156, 
159, 
156, 
156, 
156, 
161, 
164, 
164, 
159, 
150, 
150, 
149, 
152, 
160, 
155, 
159, 
160, 
164, 
157, 
157, 
155, 
156, 
155, 
157, 
158, 
158, 
162, 
163, 
157, 
158, 
161, 
161, 
156, 
158, 
156, 
160, 
158, 
168, 
167, 
158, 
155, 
172, 
162, 
159, 
163, 
156, 
157, 
156, 
161, 
156, 
164, 
170, 
161, 
157, 
159, 
155, 
159, 
155, 
158, 
164, 
155, 
175, 
188, 
158, 
155, 
156, 
155, 
157, 
155, 
158, 
159, 
155, 
159, 
172, 
158, 
159, 
156, 
157, 
158, 
156, 
167, 
158, 
166, 
158, 
158, 
161, 
153, 
165, 
165, 
155, 
157, 
160, 
161, 
156, 
160, 
155, 
155, 
161, 
155, 
155, 
162, 
170, 
156, 
156, 
181, 
165, 
176, 
157, 
156, 
163, 
164, 
156, 
156, 
156, 
170, 
156, 
162, 
176, 
157, 
156, 
158, 
155, 
167, 
211, 
155, 
154, 
164, 
155, 
165, 
155, 
157, 
156, 
157, 
157, 
162, 
157, 
160, 
162, 
155, 
162, 
160, 
158, 
158, 
161, 
158, 
157, 
149, 
151, 
154, 
161, 
156, 
150, 
160, 
156, 
160, 
155, 
156, 
157, 
160, 
164, 
158, 
158, 
171, 
165, 
232, 
158, 
159, 
150, 
152, 
147, 
149, 
150, 
148, 
158, 
149, 
174, 
159, 
167, 
170, 
160, 
177, 
160, 
160, 
158, 
178, 
161, 
158, 
161, 
160, 
156, 
157, 
162, 
151, 
159, 
160, 
159, 
151, 
149, 
146, 
150, 
161, 
157, 
154, 
163, 
167, 
173, 
174, 
158, 
156, 
188, 
166, 
163, 
156, 
161, 
158, 
154, 
155, 
153, 
149, 
148, 
148, 
151, 
153, 
163, 
160, 
164, 
160, 
158, 
161, 
157, 
157, 
155, 
164, 
163, 
158, 
156, 
160, 
157, 
164, 
150, 
150, 
149, 
152, 
164, 
152, 
154, 
173, 
159, 
164, 
157, 
160, 
156, 
173, 
171, 
156, 
172, 
160, 
158, 
160, 
161, 
158, 
160, 
184, 
161, 
157, 
171, 
172, 
159, 
157, 
155, 
160, 
157, 
177, 
157, 
158, 
162, 
158, 
161, 
176, 
161, 
158, 
161, 
159, 
160, 
156, 
163, 
167, 
157, 
164, 
157, 
158, 
155, 
160, 
162, 
167, 
160, 
157, 
158, 
159, 
161, 
157, 
168, 
173, 
159, 
162, 
167, 
164, 
183, 
152, 
147, 
149, 
151, 
149, 
154, 
164, 
161, 
159, 
160, 
164, 
165, 
154, 
165, 
169, 
160, 
158, 
159, 
156, 
177, 
160, 
164, 
158, 
161, 
159, 
157, 
172, 
160, 
170, 
156, 
163, 
162, 
168, 
185, 
169, 
233, 
205, 
185, 
184, 
214, 
157, 
151, 
157, 
161, 
156, 
149, 
147, 
149, 
162, 
159, 
160, 
161, 
157, 
156, 
160, 
164, 
156, 
159, 
161, 
160, 
160, 
161, 
156, 
160, 
156, 
165, 
176, 
159, 
149, 
170, 
173, 
156, 
158, 
146, 
154, 
160, 
161, 
161, 
164, 
155, 
186, 
167, 
159, 
159, 
162, 
156, 
162, 
161, 
157, 
160, 
161, 
160, 
163, 
158, 
158, 
158, 
158, 
167, 
162, 
165, 
172, 
166, 
158, 
166, 
161, 
157, 
157, 
165, 
155, 
157, 
164, 
160, 
156, 
196, 
160, 
151, 
159, 
148, 
159, 
151, 
146, 
148, 
158, 
158, 
170, 
160, 
163, 
160, 
167, 
159, 
164, 
174, 
166, 
155, 
169, 
158, 
161, 
168, 
160, 
154, 
162, 
179, 
160, 
159, 
161, 
157, 
161, 
159, 
155, 
159, 
159, 
169, 
161, 
162, 
158, 
199, 
156, 
166, 
159, 
189, 
160, 
159, 
158, 
166, 
162, 
158, 
164, 
158, 
159, 
165, 
159, 
164, 
160, 
159, 
158, 
159, 
161, 
160, 
159, 
155, 
171, 
158, 
166, 
155, 
157, 
163, 
154, 
156, 
158, 
164, 
171, 
158, 
155, 
158, 
158, 
158, 
157, 
165, 
156, 
153, 
156, 
156, 
164, 
157, 
169, 
163, 
168, 
159, 
155, 
154, 
155, 
161, 
158, 
167, 
158, 
171, 
168, 
170, 
156, 
160, 
158, 
181, 
148, 
190, 
148, 
158, 
150, 
147, 
155, 
148, 
170, 
160, 
156, 
156, 
163, 
161, 
160, 
155, 
157, 
171, 
160, 
157, 
160, 
172, 
157, 
155, 
156, 
154, 
163, 
163, 
159, 
157, 
158, 
162, 
158, 
156, 
158, 
158, 
209, 
160, 
158, 
156, 
161, 
160, 
160, 
162, 
159, 
161, 
157, 
158, 
160, 
158, 
157, 
158, 
156, 
157, 
150, 
147, 
149, 
150, 
148, 
153, 
154, 
147, 
189, 
158, 
157, 
155, 
156, 
157, 
160, 
159, 
159, 
161, 
159, 
158, 
159, 
164, 
164, 
156, 
155, 
151, 
161, 
156, 
154, 
166, 
180, 
155, 
157, 
159, 
159, 
153, 
157, 
159, 
156, 
170, 
161, 
159, 
157, 
162, 
159, 
158, 
153, 
159, 
160, 
216, 
164, 
164, 
164, 
154, 
155, 
155, 
160, 
154, 
158, 
158, 
153, 
156, 
214, 
155, 
153, 
158, 
154, 
153, 
155, 
155, 
157, 
159, 
159, 
156, 
158, 
160, 
193, 
157, 
159, 
162, 
155, 
155, 
164, 
155, 
155, 
156, 
157, 
173, 
161, 
161, 
157, 
160, 
170, 
155, 
169, 
183, 
169, 
156, 
151, 
146, 
147, 
161, 
149, 
156, 
147, 
154, 
148, 
151, 
159, 
159, 
156, 
159, 
180, 
159, 
159, 
160, 
159, 
163, 
150, 
150, 
158, 
151, 
157, 
156, 
158, 
157, 
187, 
164, 
158, 
159, 
170, 
157, 
156, 
155, 
187, 
160, 
156, 
158, 
158, 
161, 
163, 
159, 
157, 
161, 
149, 
169, 
151, 
149, 
170, 
155, 
158, 
154, 
155, 
158, 
158, 
161, 
164, 
159, 
157, 
155, 
162, 
156, 
156, 
157, 
157, 
161, 
238, 
158, 
158, 
159, 
151, 
161, 
150, 
151, 
157, 
162, 
156, 
155, 
159, 
154, 
158, 
158, 
157, 
163, 
150, 
154, 
149, 
165, 
154, 
157, 
154, 
159, 
190, 
160, 
154, 
158, 
149, 
148, 
148, 
149, 
158, 
156, 
155, 
149, 
160, 
149, 
161, 
157, 
155, 
166, 
158, 
158, 
156, 
156, 
157, 
156, 
157, 
215, 
198, 
156, 
156, 
163, 
155, 
146, 
152, 
148, 
151, 
170, 
161, 
158, 
164, 
158, 
159, 
158, 
163, 
164, 
159, 
187, 
155, 
157, 
157, 
159, 
154, 
162, 
158, 
154, 
160, 
159, 
155, 
165, 
182, 
160, 
163, 
154, 
157, 
154, 
158, 
158, 
156, 
157, 
173, 
155, 
162, 
162, 
157, 
158, 
156, 
166, 
163, 
188, 
155, 
154, 
157, 
163, 
159, 
153, 
155, 
155, 
165, 
173, 
161, 
153, 
154, 
171, 
163, 
155, 
157, 
160, 
159, 
154, 
161, 
160, 
157, 
161, 
166, 
156, 
156, 
164, 
156, 
161, 
161, 
152, 
151, 
148, 
159, 
154, 
174, 
155, 
157, 
164, 
157, 
193, 
157, 
153, 
156, 
160, 
155, 
165, 
159, 
160, 
166, 
156, 
154, 
167, 
155, 
154, 
163, 
172, 
159, 
163, 
158, 
159, 
167, 
158, 
161, 
155, 
157, 
154, 
158, 
155, 
160, 
156, 
158, 
156, 
183, 
157, 
157, 
158, 
158, 
157, 
163, 
160, 
174, 
152, 
167, 
161, 
161, 
165, 
162, 
158, 
160, 
157, 
164, 
153, 
148, 
149, 
150, 
169, 
154, 
150, 
150, 
158, 
169, 
159, 
157, 
158, 
158, 
155, 
157, 
159, 
168, 
155, 
162, 
158, 
166, 
157, 
161, 
166, 
154, 
163, 
156, 
157, 
158, 
156, 
167, 
163, 
153, 
158, 
156, 
155, 
166, 
163, 
160, 
160, 
167, 
156, 
163, 
155, 
174, 
152, 
160, 
160, 
160, 
157, 
157, 
160, 
166, 
168, 
166, 
202, 
166, 
156, 
162, 
160, 
157, 
160, 
159, 
156, 
154, 
160, 
169, 
167, 
172, 
159, 
157, 
167, 
158, 
154, 
159, 
162, 
165, 
160, 
165, 
158, 
155, 
158, 
163, 
161, 
168, 
157, 
160, 
165, 
158, 
158, 
155, 
153, 
160, 
157, 
156, 
157, 
157, 
157, 
162, 
157, 
160, 
155, 
161, 
154, 
159, 
150, 
151, 
147, 
154, 
151, 
151, 
149, 
149, 
159, 
168, 
162, 
155, 
159, 
157, 
150, 
162, 
149, 
149, 
148, 
151, 
155, 
148, 
159, 
155, 
158, 
164, 
163, 
167, 
156, 
165, 
158, 
158, 
157, 
155, 
161, 
155, 
157, 
155, 
161, 
159, 
175, 
193, 
167, 
160, 
159, 
156, 
160, 
162, 
156, 
160, 
162, 
157, 
157, 
158, 
158, 
156, 
158, 
156, 
159, 
157, 
163, 
163, 
166, 
157, 
164, 
163, 
166, 
160, 
159, 
158, 
165, 
157, 
157, 
159, 
158, 
156, 
158, 
164, 
157, 
159, 
156, 
157, 
181, 
157, 
162, 
162, 
165, 
158, 
157, 
166, 
159, 
157, 
159, 
180, 
159, 
156, 
154, 
161, 
179, 
158, 
162, 
164, 
159, 
163, 
171, 
164, 
165, 
162, 
155, 
159, 
