raspberry pi bridge home network, 
172, 
161, 
179, 
194, 
194, 
189, 
192, 
198, 
192, 
187, 
196, 
200, 
201, 
184, 
170, 
166, 
173, 
184, 
188, 
168, 
159, 
172, 
164, 
179, 
202, 
191, 
178, 
197, 
203, 
180, 
158, 
174, 
180, 
229, 
174, 
187, 
162, 
186, 
183, 
190, 
220, 
199, 
171, 
164, 
206, 
189, 
154, 
172, 
193, 
173, 
163, 
186, 
176, 
189, 
208, 
214, 
170, 
159, 
171, 
174, 
165, 
163, 
179, 
158, 
173, 
164, 
161, 
183, 
167, 
170, 
167, 
226, 
160, 
175, 
174, 
192, 
263, 
229, 
167, 
161, 
165, 
225, 
242, 
196, 
206, 
189, 
162, 
207, 
214, 
215, 
172, 
183, 
167, 
170, 
180, 
172, 
170, 
203, 
195, 
198, 
190, 
169, 
165, 
169, 
175, 
213, 
159, 
209, 
168, 
165, 
175, 
171, 
216, 
197, 
209, 
151, 
205, 
237, 
151, 
172, 
266, 
279, 
255, 
248, 
293, 
160, 
180, 
217, 
215, 
190, 
247, 
247, 
157, 
163, 
181, 
169, 
159, 
198, 
212, 
237, 
201, 
161, 
194, 
200, 
194, 
161, 
199, 
193, 
204, 
182, 
160, 
222, 
183, 
159, 
195, 
195, 
257, 
214, 
202, 
192, 
187, 
198, 
199, 
211, 
217, 
193, 
194, 
170, 
201, 
198, 
159, 
229, 
172, 
199, 
199, 
178, 
178, 
185, 
163, 
160, 
167, 
166, 
178, 
172, 
220, 
168, 
162, 
165, 
163, 
160, 
195, 
168, 
162, 
162, 
165, 
166, 
159, 
162, 
162, 
170, 
174, 
158, 
217, 
163, 
170, 
174, 
200, 
185, 
175, 
195, 
224, 
179, 
159, 
165, 
199, 
250, 
279, 
198, 
166, 
190, 
187, 
173, 
183, 
163, 
166, 
180, 
177, 
193, 
189, 
170, 
173, 
220, 
180, 
198, 
200, 
162, 
234, 
208, 
283, 
252, 
163, 
176, 
243, 
180, 
265, 
256, 
206, 
165, 
166, 
277, 
220, 
160, 
159, 
166, 
170, 
198, 
185, 
164, 
166, 
184, 
169, 
171, 
163, 
177, 
161, 
184, 
174, 
196, 
192, 
295, 
262, 
164, 
153, 
158, 
167, 
199, 
211, 
159, 
172, 
185, 
178, 
179, 
160, 
170, 
201, 
171, 
166, 
208, 
209, 
167, 
166, 
187, 
193, 
171, 
166, 
166, 
206, 
163, 
169, 
201, 
215, 
173, 
265, 
187, 
191, 
171, 
170, 
173, 
182, 
161, 
169, 
162, 
162, 
175, 
158, 
172, 
169, 
198, 
161, 
160, 
164, 
161, 
174, 
192, 
192, 
189, 
195, 
189, 
206, 
191, 
189, 
200, 
197, 
190, 
163, 
172, 
168, 
176, 
210, 
179, 
166, 
167, 
182, 
181, 
190, 
200, 
164, 
189, 
221, 
159, 
161, 
176, 
166, 
196, 
184, 
208, 
211, 
195, 
168, 
164, 
178, 
178, 
177, 
162, 
178, 
160, 
170, 
179, 
226, 
201, 
211, 
204, 
188, 
185, 
201, 
203, 
201, 
166, 
182, 
204, 
191, 
193, 
182, 
203, 
198, 
193, 
200, 
189, 
183, 
300, 
284, 
159, 
208, 
173, 
198, 
161, 
164, 
160, 
185, 
200, 
173, 
159, 
160, 
166, 
244, 
313, 
454, 
174, 
186, 
180, 
212, 
191, 
195, 
227, 
190, 
180, 
165, 
191, 
188, 
198, 
195, 
210, 
164, 
159, 
162, 
150, 
216, 
266, 
174, 
165, 
162, 
166, 
161, 
181, 
196, 
214, 
185, 
266, 
157, 
162, 
180, 
170, 
185, 
243, 
160, 
170, 
192, 
198, 
182, 
164, 
162, 
196, 
180, 
163, 
185, 
188, 
197, 
180, 
176, 
196, 
177, 
241, 
198, 
169, 
167, 
184, 
214, 
163, 
161, 
177, 
171, 
150, 
159, 
185, 
196, 
171, 
286, 
192, 
198, 
174, 
168, 
191, 
192, 
207, 
197, 
164, 
193, 
176, 
178, 
192, 
168, 
183, 
185, 
162, 
165, 
168, 
166, 
167, 
186, 
170, 
157, 
160, 
163, 
163, 
165, 
192, 
199, 
211, 
189, 
163, 
160, 
187, 
180, 
169, 
181, 
161, 
182, 
180, 
191, 
188, 
184, 
193, 
193, 
162, 
165, 
176, 
164, 
179, 
166, 
169, 
173, 
178, 
191, 
201, 
193, 
214, 
271, 
216, 
161, 
171, 
193, 
190, 
209, 
195, 
187, 
196, 
206, 
213, 
196, 
189, 
227, 
174, 
161, 
181, 
174, 
188, 
164, 
177, 
270, 
191, 
165, 
168, 
183, 
195, 
199, 
294, 
173, 
158, 
161, 
177, 
184, 
181, 
190, 
203, 
207, 
202, 
196, 
193, 
212, 
206, 
197, 
200, 
197, 
195, 
212, 
196, 
189, 
283, 
164, 
170, 
160, 
171, 
175, 
178, 
186, 
184, 
194, 
187, 
200, 
169, 
193, 
201, 
187, 
207, 
208, 
199, 
174, 
159, 
170, 
168, 
186, 
185, 
162, 
166, 
170, 
174, 
243, 
215, 
159, 
160, 
194, 
176, 
159, 
173, 
151, 
194, 
160, 
151, 
161, 
218, 
160, 
163, 
179, 
173, 
185, 
168, 
181, 
200, 
202, 
232, 
210, 
163, 
176, 
177, 
158, 
162, 
163, 
159, 
181, 
160, 
169, 
162, 
268, 
178, 
174, 
169, 
191, 
198, 
202, 
158, 
161, 
232, 
190, 
167, 
160, 
160, 
175, 
166, 
158, 
182, 
165, 
167, 
171, 
163, 
213, 
210, 
169, 
176, 
176, 
188, 
163, 
166, 
166, 
202, 
163, 
172, 
173, 
174, 
191, 
174, 
162, 
164, 
160, 
171, 
159, 
164, 
179, 
190, 
225, 
194, 
170, 
179, 
174, 
163, 
175, 
174, 
188, 
169, 
180, 
172, 
176, 
205, 
269, 
159, 
165, 
192, 
159, 
169, 
188, 
185, 
184, 
222, 
253, 
186, 
165, 
175, 
176, 
157, 
196, 
179, 
166, 
158, 
213, 
227, 
170, 
178, 
167, 
159, 
163, 
227, 
178, 
192, 
180, 
196, 
161, 
168, 
165, 
183, 
177, 
219, 
198, 
164, 
165, 
199, 
162, 
188, 
178, 
167, 
169, 
157, 
156, 
153, 
154, 
179, 
200, 
256, 
193, 
159, 
168, 
180, 
206, 
188, 
177, 
200, 
190, 
186, 
188, 
206, 
181, 
189, 
182, 
172, 
177, 
178, 
151, 
153, 
299, 
226, 
164, 
166, 
182, 
174, 
177, 
169, 
162, 
172, 
177, 
164, 
169, 
221, 
167, 
167, 
187, 
165, 
163, 
185, 
178, 
191, 
196, 
236, 
218, 
208, 
164, 
179, 
201, 
209, 
199, 
161, 
189, 
182, 
196, 
171, 
235, 
204, 
175, 
183, 
180, 
193, 
186, 
197, 
163, 
246, 
159, 
169, 
181, 
172, 
169, 
158, 
169, 
173, 
159, 
184, 
184, 
194, 
191, 
185, 
184, 
186, 
161, 
160, 
192, 
170, 
176, 
206, 
161, 
202, 
200, 
185, 
189, 
182, 
174, 
218, 
236, 
160, 
166, 
158, 
166, 
158, 
161, 
161, 
162, 
181, 
203, 
165, 
163, 
235, 
164, 
171, 
182, 
166, 
166, 
177, 
189, 
182, 
193, 
191, 
193, 
192, 
201, 
212, 
282, 
253, 
165, 
185, 
196, 
178, 
168, 
175, 
173, 
183, 
184, 
186, 
220, 
189, 
237, 
190, 
160, 
164, 
167, 
164, 
162, 
181, 
194, 
184, 
215, 
209, 
181, 
193, 
165, 
233, 
242, 
197, 
164, 
172, 
195, 
165, 
180, 
165, 
160, 
171, 
198, 
171, 
192, 
159, 
151, 
167, 
173, 
170, 
176, 
210, 
288, 
161, 
161, 
159, 
157, 
169, 
159, 
212, 
214, 
158, 
169, 
183, 
178, 
203, 
189, 
248, 
186, 
153, 
162, 
173, 
171, 
232, 
151, 
205, 
166, 
171, 
180, 
190, 
200, 
220, 
205, 
164, 
189, 
158, 
171, 
159, 
181, 
184, 
217, 
165, 
182, 
155, 
180, 
192, 
175, 
185, 
205, 
190, 
198, 
198, 
187, 
177, 
169, 
164, 
159, 
184, 
168, 
182, 
166, 
185, 
200, 
178, 
236, 
163, 
179, 
174, 
165, 
167, 
196, 
173, 
162, 
179, 
163, 
202, 
257, 
211, 
165, 
186, 
186, 
223, 
199, 
201, 
223, 
178, 
160, 
154, 
151, 
163, 
188, 
168, 
181, 
166, 
162, 
176, 
179, 
186, 
183, 
168, 
192, 
239, 
161, 
176, 
162, 
190, 
199, 
167, 
160, 
159, 
163, 
167, 
160, 
192, 
226, 
229, 
161, 
175, 
174, 
161, 
160, 
172, 
168, 
161, 
173, 
177, 
197, 
200, 
186, 
165, 
150, 
159, 
163, 
186, 
180, 
193, 
220, 
160, 
174, 
164, 
157, 
181, 
183, 
228, 
255, 
164, 
169, 
176, 
204, 
169, 
163, 
214, 
205, 
167, 
161, 
215, 
161, 
174, 
180, 
207, 
205, 
166, 
167, 
164, 
180, 
207, 
187, 
196, 
190, 
195, 
197, 
216, 
205, 
205, 
189, 
159, 
181, 
202, 
201, 
189, 
209, 
213, 
195, 
204, 
196, 
196, 
201, 
179, 
210, 
194, 
160, 
160, 
171, 
168, 
272, 
223, 
158, 
156, 
170, 
192, 
179, 
188, 
176, 
196, 
165, 
179, 
218, 
162, 
193, 
191, 
193, 
201, 
186, 
203, 
185, 
183, 
205, 
827, 
179, 
160, 
181, 
213, 
192, 
203, 
198, 
205, 
201, 
188, 
209, 
194, 
204, 
200, 
167, 
163, 
165, 
174, 
159, 
160, 
370, 
242, 
158, 
182, 
209, 
191, 
160, 
163, 
194, 
199, 
167, 
175, 
213, 
194, 
264, 
163, 
167, 
175, 
173, 
198, 
174, 
251, 
177, 
175, 
182, 
185, 
170, 
165, 
170, 
244, 
188, 
166, 
168, 
160, 
175, 
176, 
193, 
181, 
166, 
196, 
183, 
160, 
273, 
217, 
170, 
170, 
214, 
160, 
166, 
176, 
184, 
257, 
222, 
166, 
174, 
163, 
176, 
162, 
170, 
164, 
207, 
186, 
184, 
168, 
162, 
240, 
195, 
163, 
160, 
191, 
186, 
194, 
189, 
192, 
204, 
191, 
218, 
185, 
211, 
195, 
277, 
152, 
161, 
161, 
181, 
159, 
161, 
166, 
189, 
172, 
184, 
153, 
165, 
156, 
187, 
182, 
203, 
170, 
178, 
213, 
196, 
160, 
175, 
174, 
195, 
200, 
167, 
163, 
164, 
164, 
164, 
163, 
174, 
178, 
177, 
203, 
171, 
173, 
237, 
206, 
169, 
183, 
189, 
180, 
193, 
194, 
199, 
199, 
209, 
198, 
190, 
243, 
164, 
208, 
170, 
161, 
177, 
177, 
170, 
174, 
189, 
168, 
182, 
194, 
187, 
198, 
193, 
167, 
200, 
161, 
159, 
165, 
180, 
224, 
184, 
173, 
172, 
179, 
214, 
178, 
199, 
211, 
177, 
186, 
196, 
174, 
206, 
169, 
178, 
184, 
198, 
164, 
374, 
575, 
244, 
178, 
183, 
170, 
178, 
176, 
182, 
164, 
184, 
209, 
159, 
176, 
172, 
177, 
190, 
186, 
195, 
169, 
174, 
168, 
187, 
206, 
176, 
171, 
171, 
165, 
182, 
190, 
167, 
174, 
180, 
240, 
156, 
188, 
176, 
157, 
180, 
178, 
168, 
167, 
179, 
197, 
175, 
233, 
192, 
229, 
177, 
197, 
162, 
180, 
205, 
167, 
185, 
179, 
197, 
204, 
189, 
188, 
163, 
160, 
169, 
181, 
198, 
171, 
171, 
209, 
192, 
174, 
170, 
159, 
194, 
159, 
174, 
176, 
207, 
200, 
175, 
161, 
170, 
183, 
169, 
181, 
234, 
178, 
201, 
200, 
193, 
190, 
209, 
286, 
248, 
223, 
172, 
163, 
151, 
164, 
191, 
194, 
186, 
171, 
160, 
181, 
191, 
200, 
193, 
171, 
182, 
190, 
208, 
200, 
201, 
215, 
295, 
216, 
172, 
163, 
195, 
194, 
161, 
166, 
161, 
212, 
195, 
188, 
188, 
190, 
182, 
214, 
161, 
201, 
160, 
179, 
181, 
183, 
170, 
179, 
153, 
163, 
160, 
153, 
163, 
301, 
193, 
153, 
165, 
201, 
164, 
189, 
182, 
186, 
187, 
198, 
190, 
191, 
188, 
214, 
193, 
191, 
186, 
168, 
188, 
302, 
260, 
250, 
160, 
162, 
173, 
184, 
193, 
182, 
161, 
159, 
167, 
170, 
186, 
278, 
301, 
160, 
180, 
165, 
220, 
196, 
176, 
175, 
171, 
173, 
213, 
178, 
165, 
185, 
202, 
174, 
279, 
180, 
163, 
166, 
190, 
170, 
161, 
176, 
171, 
192, 
180, 
168, 
172, 
188, 
183, 
181, 
210, 
171, 
163, 
174, 
184, 
191, 
193, 
184, 
193, 
194, 
192, 
194, 
217, 
289, 
162, 
157, 
173, 
175, 
180, 
195, 
177, 
168, 
151, 
171, 
182, 
184, 
194, 
193, 
192, 
198, 
194, 
200, 
208, 
164, 
192, 
224, 
205, 
171, 
169, 
162, 
171, 
161, 
169, 
170, 
175, 
169, 
160, 
161, 
167, 
175, 
159, 
188, 
165, 
212, 
187, 
189, 
161, 
219, 
236, 
158, 
164, 
170, 
165, 
169, 
189, 
167, 
175, 
167, 
178, 
186, 
200, 
195, 
198, 
203, 
196, 
195, 
201, 
164, 
189, 
164, 
242, 
204, 
175, 
183, 
180, 
198, 
198, 
170, 
178, 
201, 
181, 
185, 
201, 
166, 
166, 
166, 
160, 
163, 
167, 
163, 
160, 
280, 
159, 
162, 
177, 
190, 
194, 
193, 
200, 
193, 
164, 
200, 
205, 
197, 
192, 
219, 
169, 
165, 
163, 
169, 
206, 
188, 
187, 
586, 
175, 
162, 
181, 
190, 
190, 
198, 
264, 
192, 
163, 
162, 
162, 
187, 
160, 
163, 
207, 
225, 
194, 
256, 
170, 
179, 
217, 
165, 
174, 
181, 
193, 
166, 
237, 
284, 
153, 
160, 
149, 
176, 
174, 
165, 
194, 
192, 
203, 
193, 
161, 
164, 
196, 
180, 
192, 
240, 
272, 
169, 
169, 
188, 
163, 
178, 
196, 
177, 
194, 
162, 
163, 
172, 
174, 
161, 
161, 
173, 
177, 
167, 
188, 
164, 
234, 
245, 
230, 
158, 
162, 
169, 
170, 
172, 
163, 
178, 
197, 
179, 
167, 
151, 
164, 
185, 
161, 
158, 
182, 
195, 
174, 
197, 
175, 
221, 
223, 
192, 
174, 
169, 
166, 
189, 
200, 
196, 
197, 
188, 
187, 
216, 
160, 
165, 
159, 
166, 
168, 
176, 
171, 
163, 
159, 
253, 
161, 
211, 
162, 
158, 
160, 
157, 
160, 
159, 
160, 
177, 
160, 
161, 
159, 
175, 
166, 
244, 
166, 
163, 
160, 
161, 
163, 
157, 
159, 
159, 
176, 
162, 
161, 
168, 
176, 
220, 
217, 
173, 
166, 
163, 
168, 
182, 
174, 
162, 
166, 
162, 
161, 
165, 
164, 
167, 
160, 
169, 
222, 
159, 
166, 
180, 
171, 
168, 
149, 
151, 
155, 
234, 
152, 
160, 
151, 
155, 
164, 
171, 
162, 
181, 
171, 
163, 
159, 
209, 
195, 
163, 
163, 
163, 
177, 
171, 
162, 
196, 
161, 
166, 
161, 
164, 
163, 
168, 
164, 
164, 
171, 
162, 
160, 
160, 
167, 
235, 
197, 
159, 
166, 
170, 
160, 
161, 
159, 
163, 
159, 
160, 
165, 
163, 
160, 
169, 
161, 
160, 
169, 
164, 
160, 
159, 
163, 
202, 
205, 
165, 
163, 
159, 
193, 
161, 
160, 
160, 
164, 
163, 
165, 
164, 
165, 
164, 
168, 
170, 
167, 
167, 
168, 
167, 
163, 
166, 
160, 
205, 
223, 
159, 
162, 
171, 
166, 
161, 
164, 
160, 
151, 
160, 
155, 
160, 
154, 
157, 
152, 
170, 
163, 
159, 
165, 
173, 
168, 
163, 
183, 
160, 
168, 
163, 
176, 
168, 
159, 
160, 
156, 
260, 
575, 
163, 
163, 
208, 
231, 
250, 
163, 
164, 
196, 
160, 
162, 
165, 
163, 
166, 
172, 
162, 
175, 
164, 
162, 
158, 
164, 
151, 
160, 
151, 
160, 
152, 
150, 
220, 
159, 
159, 
160, 
161, 
162, 
160, 
160, 
165, 
159, 
161, 
160, 
160, 
176, 
218, 
183, 
167, 
160, 
159, 
161, 
164, 
170, 
165, 
163, 
171, 
162, 
164, 
169, 
162, 
164, 
190, 
176, 
163, 
163, 
167, 
165, 
164, 
160, 
174, 
158, 
162, 
161, 
171, 
161, 
192, 
207, 
170, 
161, 
164, 
166, 
159, 
163, 
161, 
163, 
162, 
168, 
160, 
160, 
163, 
158, 
191, 
224, 
199, 
167, 
160, 
287, 
198, 
236, 
231, 
202, 
215, 
233, 
233, 
189, 
224, 
205, 
201, 
223, 
189, 
177, 
238, 
324, 
557, 
222, 
161, 
248, 
244, 
215, 
199, 
200, 
171, 
243, 
201, 
240, 
229, 
238, 
209, 
188, 
162, 
200, 
196, 
308, 
302, 
228, 
188, 
163, 
171, 
161, 
176, 
161, 
162, 
171, 
159, 
169, 
170, 
163, 
223, 
164, 
162, 
163, 
162, 
174, 
168, 
173, 
162, 
162, 
152, 
153, 
164, 
153, 
174, 
154, 
151, 
157, 
166, 
165, 
165, 
160, 
160, 
232, 
161, 
160, 
181, 
174, 
173, 
169, 
164, 
166, 
165, 
155, 
171, 
163, 
162, 
168, 
160, 
165, 
160, 
162, 
159, 
196, 
168, 
194, 
179, 
162, 
171, 
162, 
168, 
166, 
163, 
173, 
161, 
162, 
164, 
164, 
165, 
160, 
167, 
164, 
161, 
181, 
166, 
161, 
166, 
163, 
169, 
171, 
167, 
161, 
161, 
161, 
164, 
168, 
160, 
163, 
167, 
166, 
160, 
160, 
167, 
183, 
163, 
159, 
164, 
164, 
163, 
164, 
270, 
160, 
170, 
166, 
165, 
164, 
164, 
171, 
172, 
163, 
164, 
162, 
171, 
162, 
172, 
176, 
168, 
168, 
161, 
161, 
164, 
160, 
171, 
160, 
227, 
156, 
159, 
166, 
161, 
167, 
162, 
161, 
163, 
162, 
159, 
156, 
153, 
151, 
199, 
161, 
152, 
152, 
162, 
165, 
160, 
161, 
194, 
151, 
156, 
156, 
163, 
157, 
162, 
160, 
174, 
165, 
163, 
162, 
165, 
161, 
169, 
169, 
167, 
159, 
172, 
168, 
231, 
213, 
160, 
161, 
161, 
165, 
180, 
165, 
178, 
165, 
160, 
167, 
161, 
175, 
161, 
152, 
168, 
174, 
160, 
154, 
153, 
154, 
168, 
161, 
165, 
235, 
162, 
162, 
171, 
299, 
300, 
288, 
290, 
289, 
241, 
253, 
285, 
803, 
285, 
233, 
369, 
273, 
255, 
289, 
279, 
343, 
1121, 
291, 
274, 
296, 
275, 
290, 
263, 
293, 
287, 
326, 
300, 
274, 
459, 
304, 
288, 
297, 
213, 
166, 
169, 
162, 
159, 
166, 
161, 
168, 
160, 
192, 
163, 
168, 
163, 
161, 
166, 
163, 
164, 
170, 
167, 
183, 
169, 
164, 
162, 
162, 
162, 
161, 
169, 
163, 
171, 
162, 
161, 
186, 
164, 
164, 
176, 
166, 
163, 
162, 
172, 
166, 
160, 
162, 
160, 
163, 
171, 
159, 
175, 
161, 
162, 
164, 
168, 
176, 
161, 
163, 
162, 
161, 
167, 
169, 
163, 
155, 
158, 
193, 
160, 
153, 
158, 
168, 
167, 
165, 
162, 
163, 
166, 
163, 
163, 
163, 
165, 
161, 
161, 
162, 
161, 
166, 
161, 
154, 
193, 
169, 
165, 
178, 
161, 
159, 
167, 
164, 
160, 
162, 
173, 
161, 
161, 
161, 
166, 
164, 
167, 
162, 
168, 
172, 
168, 
165, 
155, 
163, 
164, 
154, 
150, 
155, 
154, 
151, 
160, 
162, 
162, 
165, 
160, 
169, 
160, 
159, 
170, 
182, 
163, 
166, 
165, 
167, 
160, 
165, 
159, 
163, 
163, 
164, 
164, 
168, 
163, 
171, 
159, 
177, 
159, 
163, 
164, 
166, 
163, 
166, 
167, 
164, 
161, 
167, 
167, 
174, 
163, 
170, 
160, 
299, 
295, 
162, 
161, 
164, 
161, 
178, 
168, 
164, 
164, 
165, 
168, 
162, 
163, 
160, 
171, 
161, 
167, 
161, 
213, 
163, 
161, 
163, 
163, 
169, 
247, 
162, 
167, 
161, 
163, 
172, 
186, 
165, 
164, 
162, 
160, 
181, 
166, 
164, 
161, 
162, 
162, 
160, 
160, 
168, 
176, 
163, 
252, 
161, 
165, 
168, 
165, 
161, 
162, 
168, 
162, 
160, 
170, 
160, 
179, 
163, 
162, 
159, 
163, 
165, 
156, 
256, 
152, 
156, 
152, 
156, 
153, 
160, 
163, 
165, 
162, 
168, 
167, 
161, 
185, 
172, 
166, 
177, 
164, 
171, 
235, 
164, 
162, 
179, 
163, 
173, 
153, 
165, 
157, 
152, 
164, 
163, 
161, 
161, 
161, 
165, 
163, 
165, 
168, 
213, 
169, 
165, 
160, 
282, 
220, 
161, 
159, 
151, 
162, 
154, 
152, 
151, 
153, 
171, 
171, 
160, 
167, 
163, 
243, 
168, 
162, 
179, 
180, 
175, 
163, 
164, 
166, 
161, 
155, 
156, 
160, 
157, 
159, 
153, 
150, 
160, 
163, 
196, 
167, 
159, 
160, 
160, 
161, 
168, 
164, 
159, 
173, 
161, 
180, 
162, 
162, 
156, 
154, 
170, 
167, 
184, 
151, 
162, 
154, 
162, 
179, 
176, 
162, 
163, 
196, 
156, 
172, 
156, 
163, 
228, 
158, 
154, 
161, 
163, 
165, 
160, 
160, 
159, 
177, 
163, 
229, 
163, 
163, 
166, 
256, 
161, 
183, 
159, 
166, 
160, 
204, 
159, 
163, 
246, 
178, 
157, 
168, 
222, 
159, 
162, 
171, 
159, 
162, 
169, 
216, 
164, 
163, 
163, 
163, 
168, 
168, 
163, 
161, 
169, 
168, 
160, 
168, 
164, 
171, 
154, 
161, 
176, 
160, 
178, 
224, 
160, 
171, 
172, 
161, 
159, 
163, 
160, 
161, 
174, 
231, 
161, 
165, 
161, 
163, 
164, 
168, 
166, 
150, 
155, 
150, 
160, 
155, 
153, 
155, 
163, 
162, 
169, 
162, 
182, 
168, 
165, 
166, 
165, 
178, 
162, 
161, 
163, 
162, 
166, 
175, 
161, 
163, 
219, 
165, 
169, 
160, 
162, 
161, 
158, 
160, 
161, 
170, 
172, 
168, 
166, 
161, 
164, 
192, 
161, 
161, 
174, 
161, 
161, 
165, 
161, 
163, 
170, 
163, 
171, 
200, 
175, 
168, 
254, 
174, 
161, 
162, 
163, 
166, 
166, 
161, 
208, 
151, 
159, 
160, 
152, 
161, 
152, 
160, 
168, 
159, 
161, 
159, 
171, 
160, 
160, 
238, 
160, 
161, 
158, 
162, 
162, 
162, 
161, 
160, 
165, 
168, 
172, 
163, 
156, 
175, 
165, 
164, 
218, 
162, 
171, 
167, 
164, 
164, 
163, 
162, 
161, 
161, 
163, 
160, 
166, 
162, 
164, 
160, 
173, 
165, 
162, 
161, 
168, 
167, 
204, 
185, 
162, 
170, 
168, 
183, 
163, 
168, 
162, 
162, 
164, 
161, 
172, 
160, 
167, 
166, 
160, 
162, 
168, 
165, 
163, 
162, 
170, 
167, 
168, 
164, 
163, 
335, 
198, 
175, 
168, 
162, 
160, 
161, 
166, 
168, 
162, 
159, 
171, 
161, 
171, 
162, 
161, 
160, 
160, 
168, 
160, 
168, 
161, 
162, 
164, 
161, 
165, 
282, 
166, 
164, 
159, 
194, 
164, 
176, 
171, 
162, 
172, 
162, 
168, 
161, 
169, 
209, 
163, 
162, 
163, 
162, 
166, 
163, 
160, 
227, 
163, 
162, 
179, 
166, 
161, 
160, 
167, 
161, 
173, 
159, 
160, 
201, 
152, 
154, 
161, 
160, 
155, 
151, 
154, 
161, 
165, 
165, 
170, 
212, 
161, 
163, 
170, 
200, 
172, 
168, 
165, 
164, 
171, 
164, 
178, 
171, 
164, 
163, 
170, 
163, 
160, 
161, 
166, 
164, 
161, 
163, 
161, 
171, 
166, 
161, 
159, 
199, 
160, 
171, 
161, 
162, 
162, 
160, 
155, 
154, 
167, 
155, 
155, 
155, 
154, 
161, 
164, 
169, 
168, 
164, 
163, 
160, 
230, 
161, 
169, 
163, 
163, 
164, 
172, 
162, 
200, 
159, 
160, 
159, 
161, 
165, 
161, 
161, 
162, 
160, 
164, 
163, 
187, 
165, 
160, 
161, 
166, 
161, 
162, 
161, 
163, 
164, 
170, 
164, 
163, 
159, 
165, 
165, 
170, 
160, 
169, 
165, 
174, 
170, 
173, 
164, 
176, 
184, 
167, 
164, 
163, 
164, 
201, 
164, 
166, 
161, 
160, 
166, 
160, 
162, 
161, 
162, 
162, 
175, 
162, 
159, 
162, 
177, 
161, 
161, 
172, 
171, 
173, 
160, 
164, 
163, 
162, 
160, 
162, 
156, 
161, 
162, 
164, 
177, 
163, 
165, 
165, 
162, 
168, 
164, 
162, 
162, 
162, 
163, 
162, 
180, 
190, 
162, 
154, 
156, 
154, 
154, 
156, 
156, 
165, 
160, 
162, 
160, 
171, 
160, 
163, 
161, 
163, 
162, 
162, 
159, 
162, 
169, 
160, 
163, 
164, 
166, 
158, 
170, 
164, 
155, 
164, 
152, 
153, 
155, 
157, 
153, 
152, 
163, 
162, 
161, 
167, 
163, 
160, 
168, 
160, 
160, 
161, 
162, 
160, 
160, 
174, 
162, 
159, 
160, 
166, 
162, 
163, 
176, 
191, 
164, 
161, 
160, 
162, 
161, 
163, 
198, 
207, 
163, 
161, 
195, 
182, 
164, 
182, 
166, 
161, 
153, 
154, 
173, 
162, 
158, 
162, 
167, 
163, 
224, 
163, 
160, 
160, 
166, 
162, 
179, 
163, 
162, 
164, 
163, 
166, 
161, 
164, 
164, 
149, 
160, 
154, 
152, 
161, 
152, 
161, 
151, 
170, 
163, 
165, 
226, 
172, 
171, 
164, 
168, 
205, 
162, 
169, 
175, 
164, 
163, 
162, 
151, 
156, 
153, 
156, 
151, 
162, 
161, 
160, 
164, 
163, 
180, 
160, 
167, 
160, 
160, 
160, 
171, 
161, 
201, 
179, 
166, 
159, 
161, 
153, 
151, 
154, 
156, 
155, 
151, 
149, 
154, 
165, 
170, 
162, 
170, 
165, 
169, 
250, 
192, 
166, 
168, 
163, 
165, 
168, 
160, 
164, 
161, 
160, 
165, 
160, 
160, 
168, 
169, 
206, 
160, 
172, 
163, 
161, 
160, 
161, 
161, 
169, 
161, 
162, 
192, 
187, 
163, 
166, 
168, 
190, 
160, 
164, 
168, 
166, 
167, 
163, 
161, 
161, 
162, 
173, 
196, 
239, 
161, 
170, 
162, 
161, 
161, 
161, 
169, 
170, 
161, 
161, 
153, 
161, 
155, 
151, 
153, 
152, 
226, 
168, 
178, 
164, 
161, 
161, 
176, 
160, 
159, 
162, 
168, 
159, 
167, 
166, 
162, 
168, 
200, 
157, 
154, 
162, 
156, 
153, 
169, 
153, 
164, 
167, 
163, 
161, 
166, 
162, 
160, 
165, 
166, 
168, 
160, 
159, 
163, 
164, 
160, 
161, 
160, 
202, 
164, 
164, 
165, 
166, 
164, 
160, 
162, 
163, 
160, 
161, 
194, 
164, 
165, 
164, 
164, 
167, 
170, 
162, 
163, 
168, 
156, 
161, 
154, 
169, 
154, 
162, 
210, 
161, 
173, 
164, 
184, 
171, 
161, 
162, 
161, 
174, 
167, 
165, 
164, 
161, 
161, 
161, 
165, 
166, 
162, 
165, 
163, 
161, 
160, 
165, 
222, 
162, 
151, 
162, 
157, 
151, 
155, 
157, 
152, 
154, 
181, 
165, 
165, 
171, 
163, 
162, 
163, 
166, 
165, 
164, 
167, 
196, 
168, 
160, 
162, 
170, 
161, 
162, 
168, 
168, 
164, 
160, 
161, 
162, 
174, 
165, 
166, 
165, 
162, 
165, 
160, 
169, 
159, 
161, 
160, 
163, 
167, 
165, 
167, 
164, 
161, 
171, 
164, 
167, 
165, 
162, 
163, 
170, 
209, 
176, 
178, 
162, 
163, 
168, 
173, 
162, 
167, 
163, 
171, 
160, 
161, 
173, 
160, 
163, 
167, 
166, 
166, 
162, 
171, 
163, 
162, 
167, 
169, 
168, 
161, 
162, 
163, 
166, 
163, 
162, 
223, 
163, 
163, 
167, 
163, 
163, 
162, 
170, 
164, 
164, 
171, 
163, 
185, 
161, 
163, 
166, 
176, 
159, 
152, 
155, 
150, 
168, 
152, 
155, 
150, 
169, 
165, 
164, 
161, 
161, 
161, 
164, 
169, 
163, 
168, 
164, 
162, 
161, 
171, 
163, 
171, 
162, 
161, 
164, 
165, 
164, 
167, 
167, 
166, 
168, 
169, 
163, 
192, 
167, 
162, 
165, 
161, 
161, 
166, 
161, 
161, 
165, 
164, 
165, 
151, 
151, 
150, 
161, 
152, 
150, 
156, 
161, 
169, 
174, 
168, 
168, 
166, 
151, 
160, 
153, 
152, 
162, 
152, 
153, 
162, 
167, 
169, 
165, 
163, 
168, 
179, 
165, 
163, 
163, 
163, 
168, 
164, 
176, 
162, 
169, 
160, 
161, 
162, 
161, 
169, 
173, 
163, 
166, 
160, 
154, 
149, 
154, 
153, 
154, 
157, 
152, 
155, 
165, 
166, 
171, 
162, 
162, 
167, 
162, 
167, 
171, 
161, 
161, 
166, 
162, 
176, 
165, 
164, 
155, 
155, 
163, 
153, 
155, 
154, 
158, 
162, 
161, 
161, 
163, 
161, 
163, 
159, 
160, 
168, 
160, 
167, 
158, 
163, 
169, 
166, 
161, 
160, 
161, 
158, 
161, 
162, 
169, 
164, 
170, 
175, 
167, 
174, 
168, 
163, 
170, 
164, 
186, 
176, 
168, 
162, 
173, 
165, 
169, 
163, 
165, 
260, 
162, 
169, 
158, 
170, 
162, 
160, 
163, 
168, 
170, 
164, 
178, 
164, 
175, 
163, 
160, 
161, 
162, 
160, 
168, 
162, 
162, 
164, 
168, 
164, 
170, 
160, 
179, 
169, 
164, 
165, 
164, 
163, 
161, 
163, 
243, 
192, 
161, 
163, 
161, 
168, 
162, 
169, 
164, 
161, 
162, 
150, 
152, 
160, 
161, 
154, 
177, 
166, 
162, 
161, 
238, 
162, 
167, 
165, 
160, 
163, 
168, 
165, 
164, 
165, 
155, 
152, 
167, 
155, 
154, 
164, 
163, 
162, 
168, 
168, 
163, 
162, 
172, 
193, 
163, 
164, 
161, 
164, 
163, 
163, 
163, 
162, 
161, 
163, 
152, 
166, 
155, 
155, 
151, 
151, 
151, 
161, 
163, 
165, 
164, 
166, 
174, 
161, 
163, 
168, 
171, 
164, 
164, 
167, 
164, 
163, 
168, 
164, 
156, 
158, 
152, 
168, 
154, 
164, 
152, 
186, 
164, 
171, 
177, 
172, 
166, 
165, 
170, 
161, 
167, 
160, 
169, 
164, 
160, 
162, 
162, 
164, 
162, 
160, 
174, 
162, 
170, 
173, 
166, 
168, 
161, 
164, 
162, 
162, 
167, 
173, 
166, 
166, 
181, 
168, 
160, 
182, 
166, 
154, 
155, 
151, 
152, 
153, 
161, 
174, 
160, 
161, 
168, 
162, 
166, 
163, 
162, 
177, 
164, 
161, 
159, 
159, 
163, 
161, 
162, 
161, 
228, 
173, 
151, 
173, 
152, 
163, 
169, 
152, 
167, 
162, 
162, 
162, 
175, 
166, 
170, 
169, 
166, 
163, 
165, 
166, 
161, 
163, 
165, 
166, 
182, 
176, 
163, 
163, 
161, 
165, 
161, 
161, 
162, 
160, 
160, 
164, 
165, 
163, 
164, 
161, 
171, 
159, 
161, 
173, 
163, 
159, 
169, 
155, 
151, 
163, 
161, 
155, 
154, 
169, 
175, 
165, 
164, 
156, 
151, 
163, 
151, 
155, 
153, 
162, 
165, 
160, 
166, 
164, 
170, 
152, 
155, 
153, 
154, 
160, 
162, 
161, 
155, 
163, 
171, 
161, 
173, 
167, 
161, 
169, 
169, 
171, 
161, 
163, 
164, 
164, 
167, 
170, 
172, 
167, 
161, 
163, 
165, 
163, 
165, 
162, 
162, 
162, 
162, 
161, 
161, 
167, 
165, 
159, 
161, 
172, 
163, 
165, 
163, 
161, 
160, 
151, 
151, 
190, 
163, 
154, 
160, 
156, 
167, 
180, 
164, 
162, 
162, 
165, 
172, 
174, 
164, 
163, 
167, 
166, 
179, 
163, 
161, 
164, 
165, 
166, 
161, 
164, 
163, 
173, 
161, 
160, 
168, 
170, 
164, 
160, 
164, 
166, 
159, 
175, 
163, 
162, 
163, 
167, 
163, 
160, 
162, 
161, 
165, 
161, 
161, 
160, 
162, 
167, 
166, 
170, 
170, 
167, 
164, 
163, 
170, 
163, 
168, 
162, 
168, 
166, 
163, 
156, 
162, 
168, 
162, 
154, 
159, 
160, 
166, 
164, 
162, 
161, 
164, 
161, 
163, 
169, 
159, 
163, 
172, 
236, 
165, 
166, 
163, 
171, 
164, 
170, 
170, 
155, 
167, 
161, 
153, 
154, 
154, 
162, 
163, 
163, 
163, 
163, 
163, 
172, 
165, 
177, 
165, 
194, 
171, 
166, 
167, 
164, 
173, 
160, 
154, 
166, 
152, 
162, 
162, 
150, 
152, 
167, 
162, 
162, 
168, 
161, 
170, 
165, 
168, 
165, 
168, 
167, 
171, 
167, 
160, 
168, 
170, 
155, 
151, 
164, 
154, 
156, 
154, 
155, 
162, 
166, 
161, 
162, 
161, 
164, 
162, 
169, 
161, 
162, 
187, 
165, 
160, 
160, 
164, 
160, 
172, 
162, 
164, 
160, 
162, 
164, 
164, 
164, 
177, 
163, 
162, 
162, 
169, 
170, 
178, 
164, 
164, 
163, 
166, 
168, 
167, 
163, 
163, 
164, 
163, 
168, 
168, 
160, 
168, 
172, 
172, 
161, 
164, 
165, 
163, 
162, 
161, 
161, 
160, 
162, 
166, 
163, 
161, 
165, 
166, 
160, 
150, 
155, 
161, 
152, 
155, 
155, 
165, 
160, 
163, 
163, 
169, 
163, 
171, 
164, 
164, 
163, 
161, 
164, 
166, 
167, 
167, 
162, 
156, 
163, 
165, 
159, 
163, 
167, 
167, 
171, 
174, 
164, 
163, 
167, 
179, 
170, 
170, 
160, 
162, 
205, 
168, 
175, 
164, 
165, 
176, 
151, 
154, 
154, 
157, 
163, 
164, 
156, 
164, 
165, 
164, 
162, 
163, 
167, 
171, 
163, 
171, 
172, 
164, 
175, 
164, 
169, 
176, 
168, 
162, 
161, 
172, 
182, 
162, 
162, 
170, 
165, 
170, 
183, 
160, 
169, 
160, 
161, 
161, 
172, 
164, 
168, 
168, 
165, 
166, 
169, 
165, 
163, 
169, 
162, 
169, 
166, 
164, 
163, 
163, 
169, 
172, 
162, 
163, 
161, 
163, 
168, 
162, 
176, 
167, 
169, 
163, 
161, 
161, 
164, 
163, 
161, 
163, 
161, 
163, 
163, 
161, 
167, 
170, 
168, 
166, 
169, 
164, 
162, 
169, 
213, 
163, 
171, 
162, 
170, 
169, 
166, 
162, 
162, 
164, 
161, 
161, 
162, 
164, 
166, 
167, 
160, 
160, 
164, 
163, 
159, 
162, 
176, 
164, 
170, 
171, 
163, 
174, 
162, 
164, 
165, 
161, 
170, 
167, 
179, 
167, 
164, 
162, 
163, 
171, 
170, 
163, 
163, 
164, 
162, 
167, 
160, 
161, 
166, 
169, 
167, 
165, 
169, 
155, 
163, 
155, 
153, 
154, 
153, 
163, 
155, 
164, 
160, 
163, 
163, 
161, 
163, 
161, 
160, 
160, 
160, 
161, 
160, 
172, 
162, 
166, 
163, 
167, 
150, 
169, 
157, 
176, 
175, 
162, 
162, 
168, 
168, 
163, 
164, 
166, 
204, 
172, 
180, 
194, 
174, 
167, 
160, 
171, 
157, 
151, 
170, 
149, 
152, 
151, 
152, 
161, 
152, 
161, 
163, 
170, 
161, 
160, 
158, 
170, 
161, 
171, 
170, 
176, 
163, 
163, 
161, 
167, 
165, 
164, 
162, 
164, 
167, 
165, 
164, 
164, 
169, 
164, 
161, 
162, 
163, 
164, 
161, 
164, 
162, 
164, 
178, 
160, 
162, 
163, 
170, 
164, 
164, 
161, 
163, 
162, 
162, 
171, 
164, 
164, 
217, 
171, 
161, 
171, 
173, 
162, 
164, 
162, 
164, 
160, 
166, 
160, 
160, 
162, 
155, 
166, 
156, 
154, 
154, 
162, 
162, 
163, 
167, 
166, 
165, 
174, 
172, 
161, 
174, 
178, 
165, 
162, 
160, 
162, 
174, 
162, 
161, 
161, 
163, 
161, 
159, 
204, 
162, 
164, 
163, 
162, 
161, 
165, 
163, 
161, 
172, 
168, 
165, 
170, 
164, 
165, 
162, 
168, 
165, 
171, 
152, 
166, 
162, 
155, 
150, 
161, 
155, 
161, 
163, 
161, 
167, 
162, 
163, 
170, 
162, 
162, 
162, 
161, 
163, 
161, 
160, 
162, 
220, 
159, 
162, 
149, 
152, 
155, 
155, 
162, 
165, 
170, 
162, 
169, 
167, 
172, 
163, 
164, 
162, 
162, 
164, 
160, 
207, 
166, 
165, 
178, 
154, 
161, 
153, 
154, 
160, 
161, 
150, 
167, 
165, 
161, 
196, 
164, 
162, 
153, 
164, 
154, 
152, 
164, 
156, 
163, 
174, 
170, 
165, 
162, 
166, 
159, 
162, 
161, 
160, 
162, 
163, 
161, 
160, 
160, 
158, 
178, 
165, 
189, 
181, 
161, 
161, 
165, 
170, 
166, 
171, 
161, 
163, 
162, 
168, 
164, 
164, 
164, 
164, 
165, 
161, 
167, 
166, 
163, 
161, 
172, 
161, 
163, 
161, 
165, 
171, 
180, 
163, 
166, 
165, 
164, 
166, 
162, 
167, 
166, 
167, 
160, 
162, 
161, 
170, 
164, 
167, 
169, 
163, 
170, 
170, 
165, 
164, 
164, 
163, 
178, 
162, 
163, 
175, 
160, 
168, 
166, 
165, 
162, 
175, 
159, 
162, 
162, 
161, 
172, 
173, 
164, 
164, 
163, 
162, 
163, 
169, 
167, 
166, 
166, 
152, 
154, 
167, 
161, 
154, 
161, 
151, 
152, 
165, 
171, 
159, 
162, 
168, 
167, 
172, 
170, 
163, 
162, 
168, 
163, 
161, 
161, 
164, 
162, 
170, 
170, 
173, 
163, 
165, 
166, 
168, 
169, 
165, 
164, 
164, 
164, 
173, 
162, 
164, 
162, 
161, 
160, 
163, 
161, 
169, 
215, 
162, 
160, 
162, 
161, 
162, 
163, 
164, 
162, 
164, 
164, 
165, 
160, 
164, 
170, 
160, 
167, 
164, 
165, 
170, 
186, 
170, 
169, 
166, 
166, 
169, 
164, 
164, 
164, 
164, 
161, 
245, 
153, 
161, 
153, 
161, 
162, 
163, 
151, 
152, 
209, 
166, 
174, 
165, 
161, 
163, 
161, 
169, 
165, 
163, 
163, 
164, 
164, 
164, 
164, 
166, 
161, 
165, 
163, 
165, 
163, 
163, 
162, 
164, 
162, 
160, 
165, 
174, 
162, 
166, 
161, 
162, 
163, 
167, 
161, 
164, 
170, 
166, 
166, 
162, 
164, 
165, 
164, 
163, 
164, 
168, 
162, 
170, 
164, 
164, 
166, 
161, 
162, 
161, 
161, 
164, 
164, 
160, 
162, 
160, 
160, 
269, 
164, 
167, 
162, 
178, 
161, 
161, 
161, 
161, 
164, 
171, 
166, 
166, 
174, 
180, 
162, 
150, 
153, 
153, 
164, 
240, 
154, 
162, 
164, 
161, 
159, 
162, 
162, 
177, 
163, 
163, 
164, 
161, 
162, 
168, 
162, 
167, 
164, 
155, 
155, 
154, 
219, 
168, 
157, 
165, 
165, 
164, 
163, 
165, 
164, 
166, 
161, 
164, 
162, 
160, 
160, 
163, 
163, 
161, 
173, 
181, 
161, 
164, 
161, 
166, 
172, 
161, 
170, 
161, 
162, 
162, 
163, 
171, 
165, 
166, 
164, 
169, 
162, 
168, 
165, 
163, 
163, 
163, 
163, 
160, 
176, 
163, 
180, 
163, 
163, 
162, 
163, 
163, 
170, 
163, 
162, 
163, 
166, 
162, 
161, 
162, 
167, 
219, 
165, 
162, 
161, 
167, 
165, 
165, 
165, 
245, 
160, 
163, 
173, 
172, 
164, 
167, 
165, 
166, 
161, 
164, 
161, 
177, 
162, 
168, 
173, 
171, 
161, 
167, 
161, 
161, 
163, 
162, 
168, 
166, 
165, 
165, 
170, 
161, 
160, 
163, 
165, 
230, 
164, 
162, 
164, 
166, 
168, 
163, 
162, 
162, 
160, 
162, 
166, 
163, 
162, 
164, 
165, 
165, 
176, 
163, 
162, 
167, 
169, 
162, 
164, 
160, 
163, 
172, 
174, 
165, 
164, 
170, 
162, 
167, 
165, 
164, 
165, 
165, 
163, 
161, 
165, 
168, 
177, 
163, 
164, 
171, 
163, 
164, 
161, 
164, 
162, 
161, 
161, 
160, 
168, 
161, 
180, 
163, 
163, 
194, 
164, 
162, 
226, 
166, 
160, 
170, 
168, 
163, 
171, 
164, 
163, 
170, 
164, 
164, 
163, 
166, 
164, 
162, 
160, 
162, 
174, 
162, 
161, 
160, 
169, 
165, 
162, 
162, 
161, 
170, 
165, 
163, 
174, 
164, 
163, 
168, 
164, 
163, 
164, 
164, 
172, 
162, 
155, 
162, 
163, 
188, 
197, 
164, 
169, 
163, 
162, 
162, 
165, 
162, 
159, 
166, 
163, 
174, 
161, 
162, 
162, 
162, 
161, 
164, 
170, 
163, 
182, 
163, 
162, 
163, 
160, 
165, 
165, 
162, 
165, 
162, 
163, 
164, 
164, 
163, 
162, 
169, 
160, 
162, 
161, 
162, 
167, 
164, 
153, 
211, 
161, 
150, 
155, 
151, 
156, 
150, 
161, 
164, 
171, 
169, 
164, 
164, 
167, 
166, 
188, 
169, 
165, 
163, 
164, 
165, 
162, 
163, 
165, 
161, 
170, 
163, 
166, 
159, 
165, 
163, 
161, 
167, 
162, 
165, 
232, 
161, 
168, 
166, 
166, 
163, 
164, 
163, 
171, 
166, 
163, 
163, 
162, 
162, 
161, 
166, 
162, 
163, 
164, 
163, 
166, 
165, 
168, 
175, 
164, 
169, 
161, 
162, 
183, 
165, 
163, 
161, 
161, 
172, 
163, 
164, 
164, 
164, 
162, 
174, 
164, 
164, 
161, 
167, 
161, 
164, 
159, 
163, 
162, 
167, 
164, 
161, 
163, 
161, 
174, 
262, 
161, 
163, 
160, 
160, 
164, 
161, 
161, 
166, 
166, 
162, 
161, 
175, 
167, 
161, 
161, 
164, 
168, 
165, 
165, 
165, 
162, 
162, 
167, 
164, 
189, 
198, 
166, 
162, 
165, 
164, 
163, 
161, 
163, 
168, 
158, 
162, 
163, 
164, 
159, 
163, 
161, 
162, 
173, 
165, 
163, 
164, 
166, 
163, 
162, 
169, 
165, 
168, 
165, 
164, 
163, 
162, 
161, 
161, 
168, 
168, 
164, 
163, 
164, 
164, 
167, 
161, 
218, 
162, 
162, 
162, 
161, 
166, 
168, 
167, 
171, 
161, 
163, 
167, 
169, 
165, 
166, 
171, 
162, 
169, 
165, 
162, 
176, 
164, 
162, 
204, 
165, 
152, 
152, 
162, 
163, 
150, 
153, 
161, 
151, 
163, 
161, 
162, 
163, 
163, 
162, 
163, 
161, 
182, 
162, 
162, 
161, 
168, 
162, 
166, 
152, 
153, 
152, 
168, 
151, 
153, 
153, 
157, 
161, 
168, 
166, 
167, 
160, 
160, 
162, 
162, 
164, 
160, 
162, 
158, 
161, 
162, 
170, 
162, 
