rp bridge netlab-home, 
399, 
159, 
169, 
157, 
146, 
149, 
152, 
152, 
149, 
149, 
159, 
168, 
171, 
159, 
158, 
156, 
158, 
161, 
157, 
157, 
156, 
167, 
159, 
158, 
168, 
156, 
157, 
163, 
159, 
167, 
159, 
159, 
159, 
155, 
177, 
161, 
162, 
160, 
158, 
159, 
164, 
158, 
157, 
160, 
163, 
162, 
166, 
160, 
160, 
158, 
150, 
154, 
148, 
150, 
151, 
154, 
146, 
150, 
160, 
172, 
168, 
171, 
161, 
160, 
172, 
163, 
171, 
160, 
158, 
161, 
169, 
171, 
156, 
158, 
158, 
164, 
155, 
173, 
158, 
156, 
157, 
158, 
162, 
159, 
155, 
173, 
158, 
149, 
148, 
154, 
149, 
